Прізвище,Ім’я,По батькові,Стать,Дата народження,Посада,Місто проживання,Адреса проживання,Телефон,Email
Ейбоженко,Костянтин,Тарасович,Чоловіча,1952-05-16,Біолог,місто Ходорів,"парк Бориса Літвака, буд. 3 кв. 3, Світловодськ, 49899",237-43-38,deriazhnyivenedykt@example.org
Олійник,Ада,Вікторівна,Жіноча,1996-05-20,Футболіст,місто Герца,"провулок Лютневий 2-й, буд. 8 кв. 742, Золочів, 34292",+380 12 623 39 26,viktor91@example.com
Калениченко,Венедикт,Степанович,Чоловіча,1964-11-27,Перекладач,селище Збараж,"сквер Ольги Благовидової, буд. 762 кв. 23, Баранівка, 67871",+380 54 014 14 37,mariana91@example.org
Дубас,Августин,Григорович,Чоловіча,1975-10-29,Сантехнік,селище Мелітополь,"проспект Щоглова, буд. 1, Валки, 18931",+380 93 533 65 29,vitaliicharnysh@example.org
Арсенич,Алла,Сергіївна,Жіноча,1953-10-10,Фермер,місто Антрацит,"парк Мацієвської, буд. 70, Сокологірськ, 83514",+380 (90) 869-79-01,vira86@example.com
Ящук,Альбіна,Олегівна,Жіноча,1972-11-14,Кінолог,село Київ,"площа Іони Отаманського, буд. 758 кв. 58, Фастів, 32130",063 074-09-30,stefandziuba@example.com
Андрощук,Валерій,Степанович,Чоловіча,1970-05-01,Електрослюсар,місто Кальміуське,"узвіз Вишнева, буд. 1 кв. 0, Соснівка, 45452",384 35 92,xavdieienko@example.net
Вітрук,Олег,Володимирович,Чоловіча,2002-04-24,Драматург,селище Ніжин,"парк Овідіопольська дуга, буд. 9, Кам'янка-Бузька, 95125",923 38 79,omykhailychenko@example.org
Юрчишина,Емілія,Юріївна,Жіноча,2007-05-13,Менеджер,село Прип'ять,"провулок Садова 2-га, буд. 914, Довжанськ, 41467",932-78-61,pavlo41@example.com
Ґжицький,Марко,Володимирович,Чоловіча,1978-10-27,Бізнесмен,селище Антрацит,"проспект Лінія 41-ша, буд. 257 кв. 690, Багачеве, 49876",+380 41 775-74-08,sviatoslav51@example.com
Гук,Святослава,Миколаївна,Жіноча,1985-01-15,Електрик,селище Новодністровськ,"провулок Виноградна 1-ша, буд. 2, Перещепине, 30618",058 615-37-43,csamoilenko@example.org
Жадан,Феофан,Романович,Чоловіча,2006-10-07,Геолог,селище Чистякове,"провулок Садова 1-ша, буд. 1, Дубно, 02390",+380 (50) 517-73-49,onyshchenkonazar@example.com
Тимчук,Григорій,Володимирович,Чоловіча,1991-12-16,Краєзнавець,селище Бердичів,"парк Картамишевська, буд. 1, Білопілля, 22607",+380 (69) 781-22-89,lesykirena@example.org
Височан,Тимофій,Вікторович,Чоловіча,1951-06-20,Археолог,місто Теребовля,"набережна Чернігівська, буд. 670, Носівка, 36784",589 79 48,viarema@example.net
Забара,Омелян,Васильович,Чоловіча,1972-02-01,Дипломат,село Токмак,"шосе Вертелецького, буд. 2, Теребовля, 23508",081 26 46,kbabko@example.net
Онуфрієнко,Олекса,Вікторович,Чоловіча,1997-07-15,Астроном,селище Марганець,"площа Шахтинський, буд. 79, Козятин, 51557",+380 25 908 03 09,zynovii56@example.net
Іваненко,Вʼячеслав,Юрійович,Чоловіча,1965-12-09,Науковець,місто Новоукраїнка,"провулок Райдужна, буд. 262 кв. 700, Херсон, 33368",673 99 85,bdzhus@example.com
Баштан,Опанас,Богданович,Чоловіча,1947-11-16,Детектив,місто Іллінці,"сквер Топольського, буд. 0, Люботин, 32623",+380 (75) 118-83-89,okseniia21@example.org
Лупій,Макар,Сергійович,Чоловіча,1966-11-10,Маркетолог,селище Снятин,"провулок Маразліївська, буд. 96 кв. 26, Глухів, 78992",948 71 78,artem80@example.com
Андрієвич,Орест,Андрійович,Чоловіча,1999-01-21,Гінеколог,село Лиман,"узвіз Отамана Головатого, буд. 7 кв. 903, Гуляйполе, 07394",121 66 25,andriichuktymofii@example.com
Малишко,Остап,Тарасович,Чоловіча,1960-04-23,Вчитель,селище Радивилів,"площа Ф. Пішеніна, буд. 99 кв. 065, Монастирище, 37208",747-83-31,obakumenko@example.org
Батіг,Франц,Анатолійович,Чоловіча,1952-03-14,Візажист,місто Бобринець,"шосе Всеволода Змієнка, буд. 350, Привілля, 67792",+380 (00) 650-50-01,biaremkiv@example.com
Дробаха,Герман,Михайлович,Чоловіча,1979-01-14,Кінорежисер,хутір Чуднів,"вулиця Зоряна, буд. 8, Снятин, 66815",671-32-72,valentyn82@example.net
Дергач,Назар,Сергійович,Чоловіча,1993-08-15,Ботанік,хутір Новоград-Волинський,"узвіз Сашка Хорошенка, буд. 6, Малин, 57856",010 867 71 34,leonidcharnysh@example.net
Штепа,Нестор,Михайлович,Чоловіча,1962-11-13,Кінорежисер,хутір Вінниця,"вулиця Усатівська, буд. 5 кв. 19, Березне, 65073",+380 19 203-70-17,serhii56@example.org
Абраменко,Надія,Романівна,Жіноча,1991-04-25,Пілот,місто Ніжин,"шосе Манежний, буд. 572, Долинська, 05787",760-02-95,gtymchenko@example.org
Хмара,Алла,Юріївна,Жіноча,1959-11-16,Парфюмер,хутір Вижниця,"шосе Пересипський 2-й, буд. 12 кв. 752, Кремінна, 75234",088 211 03 44,qzatovkaniuk@example.com
Стельмах,Світлана,Петрівна,Жіноча,1966-04-07,Астрофізик,село Погребище,"проспект Гобеленова, буд. 3 кв. 65, Судак, 66637",295-32-93,abrahamovskaiukhym@example.net
Дерегус,Климент,Богданович,Чоловіча,1956-05-19,Епідеміолог,село Помічна,"проспект Пішонівська, буд. 2, Дунаївці, 41481",765-72-00,stefan67@example.com
Шевченко,Миколай,Петрович,Чоловіча,1949-01-28,Дизайнер,місто Вільнянськ,"парк Авіаційна, буд. 20 кв. 8, Суми, 64339",+380 08 616-63-11,lukian93@example.com
Чуприна,Ірина,Романівна,Жіноча,1951-07-28,Історик,місто Луганськ,"набережна Панаса Мирного, буд. 44 кв. 909, Охтирка, 64198",+380 55 607-78-80,romannosachenko@example.net
Теліженко,Роман,Сергійович,Чоловіча,1971-04-05,Фотограф,село Запоріжжя,"площа Східчастий 3-й, буд. 7, Стебник, 22294",+380 83 809-36-10,solomiiakonoplia@example.net
Годунок,Борислав,Сергійович,Чоловіча,1948-10-27,Локсмайстер,селище Мар'їнка,"провулок Шевальових, буд. 67, Вільногірськ, 05479",008 272-43-71,mariia09@example.net
Атаманюк,Ада,Олександрівна,Жіноча,1993-08-07,Піаніст,селище Радехів,"сквер Чехівського, буд. 1 кв. 47, Ірпінь, 99707",+380 96 844-99-07,ielyseiiakymenko@example.com
Дейнеко,Августин,Петрович,Чоловіча,1982-10-26,Гірник,хутір Бунге,"площа Шампанський, буд. 324, Березівка, 13388",+380 24 202-20-92,arsen93@example.net
Семенченко,Вікторія,Миколаївна,Жіноча,1973-08-17,Громадський діяч,хутір Вашківці,"площа Колонтаївська, буд. 14, Болград, 35754",042 270 20 83,eduard44@example.net
Фастенко,Омелян,Іванович,Чоловіча,1997-06-28,Співак,хутір Українка,"сквер 21-й км Старокиївської дороги, буд. 97, Дружківка, 40648",+380 93 958-11-57,avhustyniatsenko@example.com
Василашко,Єлисей,Степанович,Чоловіча,2005-10-27,Маркетолог,хутір Валки,"проспект Заводська 4-та, буд. 55 кв. 946, Зеленодольськ, 14397",+380 14 759 18 58,ieva86@example.com
Вівчаренко,Емілія,Романівна,Жіноча,1998-09-06,Локсмайстер,хутір Ковель,"шосе Балківська, буд. 39, Стрий, 37046",+380 (22) 763-95-52,kpavlyk@example.net
Рак,Юстина,Володимирівна,Жіноча,1956-11-26,Швачка,селище Кіцмань,"вулиця Панаса Саксаганського, буд. 826 кв. 8, Нетішин, 43528",947 65 79,babiukfeofan@example.net
Яценко,Мирон,Іванович,Чоловіча,2007-03-05,Реставратор,місто Дрогобич,"вулиця Проточний, буд. 95 кв. 1, Кипуче, 76024",031 965 51 49,uandreiko@example.org
Оніщук,Одарка,Олександрівна,Жіноча,1972-04-25,Бухгалтер,хутір Самбір,"вулиця Москеті, буд. 934, Павлоград, 46177",+380 55 236 55 95,iustym88@example.com
Ващенко-Захарченко,Оксенія,Анатоліївна,Жіноча,1995-09-01,Музикант,місто Чигирин,"узвіз Ольвійська, буд. 3, Монастирище, 63152",+380 95 285-04-76,terezariabets@example.com
Юрченко,Зорян,Тарасович,Чоловіча,1995-10-24,Літературознавець,хутір Жашків,"набережна 8-ма Лінія 6-й ст. Люстдорфської дороги, буд. 6 кв. 6, Донецьк, 35614",+380 (77) 231-36-14,artemenkohalyna@example.com
Гавришкевич,Лариса,Дмитрівна,Жіноча,1969-04-30,Маркетолог,хутір Чорноморськ,"набережна Івана Франка, буд. 166 кв. 13, Тернівка, 33650",391 99 18,alina76@example.net
Дейнека,Станіслав,Максимович,Чоловіча,2011-04-25,Адвокат,місто Дрогобич,"шосе Зої Бутенко, буд. 99 кв. 4, Бар, 52370",+380 50 245-41-30,viterzynovii@example.com
Франчук,Ярема,Дмитрович,Чоловіча,1973-03-07,Детектив,хутір Новомиргород,"шосе Куяльницький міст, буд. 5, Погребище, 56901",592 16 57,diashchenko@example.org
Саченко,Спас,Максимович,Чоловіча,1998-08-20,Няня,селище Павлоград,"парк Степана Олійника узвіз, буд. 22 кв. 10, Березань, 65453",+380 19 771-52-01,fhavrysh@example.org
Абрагамовська,Орина,Дмитрівна,Жіноча,2000-04-03,Астрофізик,селище Новий Буг,"шосе Спортивний, буд. 785 кв. 71, Рівне, 65826",+380 (78) 744-40-76,pavlykaaron@example.net
Палій,Альбіна,Олександрівна,Жіноча,1961-08-15,Мікробіолог,село Ладижин,"проспект Льва Симиренка, буд. 9, Бобровиця, 71183",425-02-84,opanaskhmara@example.org
Ніколюк,Богуслава,Дмитрівна,Жіноча,1980-08-12,Флорист,село Житомир,"вулиця Кобзаря, буд. 94, Перещепине, 15857",031 368-29-09,rozaliia84@example.net
Юрченко,Оксенія,Михайлівна,Жіноча,1961-07-22,Шериф,село Вільногірськ,"сквер Книжковий, буд. 0, Нове Давидково, 02226",016 627-15-56,adamenkoorest@example.net
Андрейко,Євген,Миколайович,Чоловіча,1964-10-29,Головний меркшейдер,хутір Запоріжжя,"площа Новоберегова, буд. 38 кв. 2, Пирятин, 03037",076 462-62-50,volodymyr39@example.org
Онищенко,Андрій,Анатолійович,Чоловіча,1957-08-11,Публіцист,місто Кобеляки,"набережна Лінія 26-та, буд. 1 кв. 65, Бобровиця, 33561",+380 98 313-02-59,lesviter@example.org
Височан,Франц,Максимович,Чоловіча,1996-02-09,Письменник,село Алчевськ,"провулок Академіка Липського, буд. 1 кв. 872, Жовті Води, 23626",890 80 18,shylosofiia@example.org
Хорішко,Ада,Анатоліївна,Жіноча,1958-02-21,Географ,селище Балаклія,"парк Обліпихова, буд. 441, Болехів, 70932",+380 (68) 151-72-70,qbazavluchenko@example.com
Уманець,Владислав,Юрійович,Чоловіча,1987-04-15,Секретар,хутір Кремінна,"узвіз Педагогічний, буд. 445 кв. 627, Чуднів, 72238",422 69 22,iosypavdieienko@example.com
Носенко,Зиновій,Юрійович,Чоловіча,1978-10-15,Менеджер,селище Буча,"набережна Миколаївський 1-й, буд. 3 кв. 3, Нова Каховка, 84914",+380 (59) 743-12-61,lahodaiarema@example.org
Рябошапка,Зорян,Юрійович,Чоловіча,1977-10-17,Євнух,місто Марганець,"парк Пляжна, буд. 4 кв. 84, Чугуїв, 11447",082-20-30,vitaliirak@example.net
Скиба,Олег,Максимович,Чоловіча,1965-02-15,Ветеринар,селище Снігурівка,"проспект Дюківський сад, буд. 932, Вилкове, 03777",+380 12 354 08 22,ustenkoandrii@example.com
Черненко,Гордій,Дмитрович,Чоловіча,1979-10-11,Хореограф,село Старий Самбір,"парк Колонічна, буд. 5, Заставна, 32285",+380 06 930-82-81,iaryna62@example.org
Тихий,Демид,Юрійович,Чоловіча,1988-08-12,Філолог,місто Новояворівськ,"площа Солонцюватий 1-й, буд. 840 кв. 6, Світлодарськ, 16357",+380 83 580-45-08,sviatoslava75@example.net
Щербак,Валентина,Олександрівна,Жіноча,1978-03-16,Лікар,село Глухів,"вулиця 14-та Лінія 6-й ст. Люстдорфської дороги, буд. 1 кв. 474, Джанкой, 50696",087 343-82-80,solomiia69@example.com
Остапчук,Петро,Юрійович,Чоловіча,1947-06-17,Астронавт,селище Городня,"шосе Південно-Санаторний, буд. 96 кв. 63, Вараш, 67758",091 476 85 17,oirvanets@example.net
Притула,Ярослав,Максимович,Чоловіча,1991-12-09,Астроном,село Скадовськ,"вулиця Грушева, буд. 31, Ірміно, 44111",031 083 69 82,zlatoslavashvachka@example.org
Павлик,Михайлина,Олександрівна,Жіноча,1989-12-13,Промисловець,село Миронівка,"узвіз Закарпатська, буд. 33, Путивль, 36129",447-32-39,alina71@example.org
Ємець,Нестор,Вікторович,Чоловіча,1981-02-26,Машиніст,село Самбір,"вулиця Єфімова, буд. 203 кв. 837, Тлумач, 33532",+380 19 719-89-53,ndatsenko@example.net
Онуфрієнко,Яків,Степанович,Чоловіча,1998-09-12,Фермер,хутір Сватове,"проспект Змієнка Всеволода, буд. 807, Мирноград, 38166",+380 78 312-85-05,radchenkoliudmyla@example.com
Назаренко,Аарон,Петрович,Чоловіча,1957-01-10,Мірошник,місто Бершадь,"парк Овідіопольська дорога, буд. 3, Балаклія, 49925",+380 (35) 947-71-20,adankevych@example.net
Чуприна,Демʼян,Богданович,Чоловіча,1965-09-30,Пекар,селище Амвросіївка,"шосе Східний, буд. 45, Охтирка, 53868",109 24 64,darynarak@example.com
Зінченко,Орися,Романівна,Жіноча,1949-02-03,Мовознавець,селище Антрацит,"парк Монгольська, буд. 434, Березань, 13983",158 28 03,vasylevychtrokhym@example.com
Савенко,Марина,Михайлівна,Жіноча,1946-04-20,Літературознавець,селище Стебник,"шосе Сумський, буд. 047 кв. 7, Лохвиця, 82639",880 83 44,valentyn88@example.com
Козаченко,Охрім,Сергійович,Чоловіча,1983-05-11,Мінералог,місто Добромиль,"проспект Неплія, буд. 1, Хуст, 21179",074 225-12-27,covcharenko@example.com
Гречаник,Ліза,Петрівна,Жіноча,1985-06-07,Мірошник,село Полтава,"провулок Сегедська, буд. 127, Вільнянськ, 25083",079 82 67,hiesypenko@example.org
Василашко,Єлисавета,Михайлівна,Жіноча,1992-03-25,Ріелтор,селище Славутич,"шосе Штурвальна, буд. 638, Рахів, 62350",017 626-35-78,irynashamrai@example.org
Наливайко,Єлисавета,Петрівна,Жіноча,1984-12-11,Клавішник,селище Городище,"узвіз Деревообробний 4-й, буд. 984, Здолбунів, 37022",+380 51 138-99-33,ndemianiuk@example.com
Овчаренко,Аніта,Юріївна,Жіноча,1976-09-01,Фрілансер,селище Зборів,"проспект Західний 4-й, буд. 456 кв. 21, Липовець, 12683",+380 77 955 70 97,kivanchenko@example.org
Козак,Єва,Степанівна,Жіноча,1979-04-29,Електрослюсар,селище Сорокине,"сквер Віри Холодної, буд. 11, Сокологірськ, 66564",+380 (16) 912-22-79,levkodankiv@example.org
Макогон,Маруся,Олегівна,Жіноча,1984-09-14,Дипломат,хутір Лисичанськ,"сквер Овідіопольський, буд. 4 кв. 336, Зборів, 94586",+380 28 197-69-64,tarasnazarenko@example.com
Рудик,Руслан,Романович,Чоловіча,1997-04-22,Швачка,село Бережани,"вулиця Херсонський сквер, буд. 3, Яремче, 54555",+380 (63) 902-22-12,omeliantovstukha@example.net
Аверченко,Нестор,Степанович,Чоловіча,1992-02-03,Стоматолог,хутір Феодосія,"вулиця Олександра Юрженка, буд. 2 кв. 740, Коростень, 32985",+380 23 876-77-87,fabramchuk@example.com
Туркало,Варвара,Григорівна,Жіноча,1949-02-07,Єгер,хутір Миколаїв,"площа 13-та ст. Великого Фонтану пляж, буд. 702, Новояворівськ, 89827",911 44 87,phuzii@example.net
Вишиваний,Йосип,Тарасович,Чоловіча,2010-11-12,Кур'єр,село Вараш,"шосе Остапа Вишні, буд. 67, Тлумач, 48236",+380 17 183-41-47,davyd16@example.net
Дахно,Святослав,Вікторович,Чоловіча,1955-06-16,Антрополог,хутір Калинівка,"вулиця Давида Ойстраха, буд. 7, Красноперекопськ, 98095",629 99 53,bilchenko@example.net
Салій,Охрім,Олександрович,Чоловіча,2004-08-08,Антрополог,село Добропілля,"вулиця Яблунева, буд. 690, Петрово-Красносілля, 68071",933-20-81,miashchenko@example.net
Пустовіт,Пармен,Григорович,Чоловіча,1973-08-27,Архітектор,село Тлумач,"парк Щоглова, буд. 61, Попасна, 53130",+380 52 946-33-89,iosypfurs@example.com
Павленко,Аркадій,Анатолійович,Чоловіча,2009-03-08,Програміст,місто Рожище,"парк Полтавська, буд. 64 кв. 316, Кам'янка (Черкаська область), 83933",048 611 62 59,kkarmaliuk@example.net
Василашко,Леонід,Андрійович,Чоловіча,1960-12-20,Економіст,хутір Дебальцеве,"площа Луцька, буд. 450 кв. 6, Гола Пристань, 78012",+380 72 987-39-01,asaienko@example.org
Вишиваний,Орхип,Анатолійович,Чоловіча,1954-03-04,Письменник,селище Приморськ,"узвіз Венгера, буд. 1, Подільськ, 24092",005 556 41 11,oles77@example.com
Макаренко,Альберт,Васильович,Чоловіча,2010-07-31,Геофізик,хутір Селидове,"узвіз Платанова, буд. 1 кв. 5, Копичинці, 48441",304 19 13,prokopovychonysym@example.org
Андрусенко,Валерій,Олегович,Чоловіча,1951-07-23,Інженер,село Жидачів,"провулок Чорноморський 5-й, буд. 464, Кривий Ріг, 36839",+380 32 509 40 71,alina20@example.com
Охримович,Антон,Дмитрович,Чоловіча,1960-04-27,Слідчий,селище Калуш,"сквер Аптекарський, буд. 99, Кодима, 48759",666-03-46,ekolodub@example.org
Євтушенко,Анастасія,Володимирівна,Жіноча,1972-03-16,Дизайнер,місто Новогродівка,"узвіз Грецький, буд. 42, Зимогір'я, 52693",018 474 42 59,gtovstolis@example.com
Безбородько,Костянтин,Сергійович,Чоловіча,1952-03-26,Ботанік,село Березівка,"сквер Газовий, буд. 64 кв. 6, Кагарлик, 75966",+380 (25) 532-91-22,spoltavets@example.net
Ірванець,Лариса,Петрівна,Жіноча,1977-03-20,Астроном,хутір Привілля,"вулиця Панаса Саксаганського, буд. 91 кв. 032, Дубляни, 11930",+380 (60) 473-78-53,gadamenko@example.com
Акименко,Ігнат,Григорович,Чоловіча,2011-12-21,Музичний редактор,місто Рава-Руська,"проспект Почаївська, буд. 10 кв. 0, Радехів, 25629",725-16-05,tetiana55@example.com
Кащенко,Макар,Степанович,Чоловіча,1970-01-17,Історик,хутір Дніпрорудне,"вулиця Стовпова, буд. 5, Вільнянськ, 58537",+380 11 967-36-77,borys36@example.net
Христенко,Зорян,Олегович,Чоловіча,1953-11-29,Програміст,село Херсон,"площа Трамвайний, буд. 0, Новогродівка, 19196",+380 10 829-08-06,milenasych@example.org
Хомик,Пилип,Миколайович,Чоловіча,1994-01-20,Композитор,хутір Брянка,"сквер Заводська 5-та, буд. 4 кв. 3, Бережани, 09623",+380 09 637 52 30,oleksandr46@example.net
Карпа,Анжела,Олегівна,Жіноча,1957-10-31,Паралегал,місто Заставна,"площа Патріотична, буд. 14 кв. 845, Вишневе, 45089",371 79 77,khudobiakonysym@example.org
Хмара,Едита,Богданівна,Жіноча,1950-07-27,Юрист,селище Баранівка,"площа Совіньйонівський, буд. 5, П'ятихатки, 83020",081 301 36 63,gkhudiak@example.org
Малишко,Ольга,Іванівна,Жіноча,1976-08-03,Дантист,хутір Стебник,"сквер Ланжеронівська, буд. 39, Євпаторія, 85069",095 760 37 57,vakhniiiakiv@example.org
Ященко,Леонтій,Юрійович,Чоловіча,1973-02-17,Педагог,селище Балта,"провулок Привозна, буд. 434 кв. 350, Зимогір'я, 47384",+380 88 108 71 70,fprotsenko@example.com
Дробаха,Теодор,Іванович,Чоловіча,1987-03-10,Громадський діяч,хутір Хорол,"сквер Павла Зеленого, буд. 591, Добропілля, 90487",+380 24 795-79-48,obabiuk@example.net
Карпенко,Аркадій,Юрійович,Чоловіча,1982-03-31,Кінокритик,хутір Лисичанськ,"провулок Магістральна, буд. 372, Долина, 73043",046 612 39 61,viacheslavsheremet@example.org
Заїка,Пармен,Вікторович,Чоловіча,1965-08-06,Астронавт,хутір Бережани,"набережна Лінія 54-та, буд. 76 кв. 8, Тростянець, 64832",+380 11 843-68-43,danylo97@example.net
Михалюк,Ярема,Вікторович,Чоловіча,1977-06-06,Намотувальник,хутір Гайсин,"шосе Парусна, буд. 582, Броди, 57881",+380 02 660-04-61,ostapzhuchenko@example.org
Шаповал,Августин,Дмитрович,Чоловіча,1962-02-21,Кухар,місто Костянтинівка,"парк Крутоярська, буд. 68, Кам'янка-Дніпровська, 40627",+380 84 296 92 34,amvrosiiduplii@example.com
Щорс,Лілія,Андріївна,Жіноча,1957-02-04,Будник,село Тульчин,"сквер Республіканська, буд. 0, Путивль, 46282",052 342-12-86,sofiia89@example.org
Дзиндра,Арсен,Григорович,Чоловіча,1960-10-26,Швачка,хутір Умань,"провулок Скидановська, буд. 85 кв. 07, Середина-Буда, 80907",+380 21 943-42-71,lesvyshniak@example.net
Лаба,Анжела,Василівна,Жіноча,1969-10-11,Юрист,село Рені,"вулиця Канатний, буд. 9 кв. 68, Решетилівка, 71146",+380 53 192-97-01,liza78@example.net
Самойленко,Дмитро,Миколайович,Чоловіча,1977-10-04,Геофізик,хутір Косів,"парк Восьмого березня 2-й, буд. 476 кв. 618, Городенка, 20261",+380 67 179-42-70,tymofii57@example.net
Конопленко,Зорян,Дмитрович,Чоловіча,1964-08-02,Провізор,хутір Дніпрорудне,"набережна Садовий, буд. 0 кв. 79, Залізне, 84877",279 54 17,oksanaoberemko@example.org
Гайденко,Охрім,Романович,Чоловіча,1997-10-11,Диригент,хутір Дубно,"сквер Довга, буд. 5, Винники, 38165",+380 69 593-16-78,orkhyptereshchuk@example.net
Гаврилишин,Артем,Олегович,Чоловіча,1983-09-10,Мікробіолог,місто Перевальськ,"набережна В’ячеслава Чорновола, буд. 624, Перещепине, 72703",+380 07 665 97 52,pavlenkoklavdiia@example.com
Примаченко,Ігор,Андрійович,Чоловіча,1987-06-05,Мистецтвознавець,селище Южноукраїнськ,"площа Пастера, буд. 1 кв. 52, Тетіїв, 98019",736-91-09,odemianenko@example.com
Гайденко,Галина,Дмитрівна,Жіноча,2002-11-11,Паралегал,селище Приморськ,"провулок Соляний 1-й, буд. 991, Канів, 64683",079 27 35,drozdenkooryna@example.com
Кальченко,Анжела,Михайлівна,Жіноча,1975-04-11,Хімік,село Волноваха,"парк Фабрична, буд. 5 кв. 43, Золотоноша, 75684",+380 97 222 75 31,havryletsonysym@example.net
Рудько,Вікторія,Петрівна,Жіноча,1980-01-17,Промисловець,селище Тетіїв,"набережна Михайла Врубеля, буд. 3, Алчевськ, 24095",053 790 94 05,abaran@example.net
Назаренко,Марко,Сергійович,Чоловіча,1958-03-03,Письменник,хутір Рівне,"парк Аеропортівський 2-й, буд. 61, Бучач, 99613",+380 23 355-76-89,bhavriushenko@example.com
Дахно,Симон,Олександрович,Чоловіча,1963-01-20,Головний меркшейдер,місто Дубляни,"площа Студентський 2-й, буд. 1, Прип'ять, 01610",+380 (61) 780-98-14,priskaadamchuk@example.net
Негода,Прохір,Андрійович,Чоловіча,1960-07-31,Пекар,хутір Шахтарськ,"проспект Горбатий міст, буд. 303 кв. 3, Боково-Хрустальне, 18589",+380 43 021-72-74,vira53@example.com
Семенченко,Остап,Вікторович,Чоловіча,2000-06-25,Гінеколог,місто Федорівка,"шосе 4-та Лінія 6-й ст. Люстдорфської дороги, буд. 075, Євпаторія, 77624",+380 26 990-78-83,violetta91@example.net
Пилипенко,Єва,Петрівна,Жіноча,2007-02-17,Адвокат,село Бурштин,"шосе Лютневий 1-й, буд. 53, Тростянець, 38775",074 220-50-91,kamillaruban@example.com
Короленко,Трохим,Вікторович,Чоловіча,1995-10-14,Громадський діяч,селище Ромни,"парк Добровольців, буд. 488, Мукачево, 03610",+380 (73) 407-16-89,irenazaporozhets@example.net
Терещук,Людмила,Анатоліївна,Жіноча,2004-12-18,Мистецтвознавець,місто Скалат,"провулок Аркадійська, буд. 34, Луганськ, 29766",+380 94 949-57-39,vadym22@example.org
Гайдамака,Світлана,Вікторівна,Жіноча,1987-06-06,Провізор,селище Зоринськ,"проспект Рибальська балка, буд. 03 кв. 940, Красилів, 37761",+380 04 194-09-62,taras77@example.com
Юхименко,Григорій,Романович,Чоловіча,2007-09-10,Паралегал,село Богуслав,"узвіз Йозефа Прибіка, буд. 69, Вишгород, 24312",+380 66 808-72-30,stefan91@example.com
Цимбалюк,Дан,Романович,Чоловіча,1946-04-10,Продюсер,хутір Новоазовськ,"проспект Скидановський узвіз, буд. 150, Новояворівськ, 36168",+380 (98) 224-01-21,sviatoslavsvystun@example.org
Архимович,Марія,Миколаївна,Жіноча,2008-01-26,Соціолог,село Бахмач,"провулок Пересипська 7-ма, буд. 12 кв. 091, Охтирка, 41850",099 821 90 95,odarkachaban@example.com
Даньків,Богданна,Степанівна,Жіноча,1995-02-12,Зоолог,хутір Заліщики,"набережна Архітектурна, буд. 269 кв. 3, Лохвиця, 22041",292 60 52,rbabiichuk@example.net
Носаченко,Людмила,Петрівна,Жіноча,1967-10-21,Дипломат,хутір Львів,"набережна Технічний, буд. 2, Яготин, 43072",094 16 38,hkozachenko@example.org
Опанасенко,Еріка,Василівна,Жіноча,1946-04-03,Художник,хутір Заводське,"сквер Корнюшина, буд. 53 кв. 9, Торецьк, 99088",+380 (67) 754-13-80,piddubnyiodarka@example.org
Швачко,Олена,Юріївна,Жіноча,1992-04-21,Диригент,селище Боково-Хрустальне,"провулок Східчастий, буд. 6 кв. 55, Фастів, 54567",+380 78 813 56 51,anastasiia08@example.net
Журавель,Степан,Григорович,Чоловіча,1947-12-14,Електромонтажник,хутір Вінниця,"набережна Студентський 1-й, буд. 944 кв. 230, Кропивницький, 91366",009 701-95-89,vyshniakmartyn@example.com
Вернидуб,Михайлина,Сергіївна,Жіноча,1950-02-24,Кур'єр,селище Авдіївка,"парк Чорноморський 9-й, буд. 8 кв. 58, Камінь-Каширський, 09851",+380 (48) 267-88-80,albert73@example.com
Лукаш,Давид,Сергійович,Чоловіча,1990-08-02,Гицель,хутір Хмельницький,"вулиця Госпітальний, буд. 110 кв. 0, Новомиргород, 80456",452-95-93,makarenkovenedykt@example.net
Михайлюк,Устим,Володимирович,Чоловіча,2010-09-10,Історик,хутір Курахове,"набережна Заводська 3-тя, буд. 26 кв. 5, Синельникове, 10545",+380 47 236-31-51,eshovkoplias@example.net
Стус,Лариса,Михайлівна,Жіноча,1967-05-21,Ювелір,хутір Лозова,"площа Серединський, буд. 20 кв. 68, Бібрка, 50073",004 191 25 32,khomazakusylo@example.com
Вівчаренко,Роксолана,Михайлівна,Жіноча,1981-10-22,Підприємець,хутір Кременчук,"сквер Овідіопольська, буд. 30, Нововолинськ, 50986",022 15 98,oksanaverkhola@example.org
Тимченко,Віолетта,Олегівна,Жіноча,1982-06-16,Дипломат,селище Авдіївка,"проспект Геологічна, буд. 94 кв. 60, Чигирин, 69158",+380 81 870 19 20,mariia75@example.net
Вишивана,Соломія,Олександрівна,Жіноча,2010-02-06,Клоун,місто Шостка,"парк Ювілейний 2-й, буд. 37 кв. 892, Чугуїв, 23574",083 552-92-27,khaida@example.org
Лазаренко,Маруся,Анатоліївна,Жіноча,1987-08-24,Золотар,селище Зборів,"площа Асташкіна, буд. 15, Ужгород, 34456",010 213-04-38,shmorhunopanas@example.com
Гузь,Леонтій,Максимович,Чоловіча,1966-07-22,Юрист,місто Овруч,"набережна 11-та Лінія Марії Демченко, буд. 36 кв. 6, Чорнобиль, 03663",171 76 57,pkabanenko@example.net
Гузь,Альбіна,Миколаївна,Жіноча,2011-08-17,Підприємець,хутір Прип'ять,"набережна Студентський 3-й, буд. 5 кв. 1, Авдіївка, 46395",058 902-43-62,shukhevychleopold@example.com
Левченко,Аврелій,Романович,Чоловіча,1993-07-11,Бібліотекар,селище Бережани,"узвіз Селищний, буд. 419 кв. 97, Белз, 38568",+380 70 652-98-55,dubenkoiryna@example.net
Прокопович,Валентина,Григорівна,Жіноча,1984-11-04,Прокурор,село Ірміно,"площа Садова 2-га, буд. 404 кв. 67, Чорноморськ, 76241",+380 23 369-47-19,avyshyvanyi@example.org
Ващенко-Захарченко,Вікторія,Михайлівна,Жіноча,1950-12-11,Нотаріус,село Отаманівка,"вулиця Артезіанська, буд. 439 кв. 60, Слов'янськ, 57505",320-43-05,oleh64@example.org
Конопленко,Соломон,Степанович,Чоловіча,1952-04-30,Пілот,хутір Ялта,"парк Степана Олійника узвіз, буд. 39 кв. 98, Севастополь, 42555",719-23-19,ustym14@example.org
Барабаш,Богуслава,Максимівна,Жіноча,1965-10-03,Філолог,хутір Снігурівка,"проспект Професора Каришковського, буд. 099 кв. 874, Копичинці, 72185",082 811-82-84,vasylechkoalla@example.com
Лаба,Богданна,Олегівна,Жіноча,1960-07-31,Доцент,село Рожище,"узвіз Флотська, буд. 81 кв. 34, Новий Калинів, 55500",012 438-48-73,shevchenkozynovii@example.net
Єрьоменко,Георгій,Михайлович,Чоловіча,1967-08-30,Етнограф,селище Баранівка,"парк Шостої 1-й, буд. 449 кв. 85, Липовець, 55150",047 245 46 26,kpalii@example.org
Шутько,Віктор,Анатолійович,Чоловіча,1959-04-25,Правник,місто Амвросіївка,"провулок Сортувальна 1-ша, буд. 2 кв. 741, Берестин, 12066",+380 86 531-43-46,davydenkosnizhana@example.org
Габелко,Еріка,Іванівна,Жіноча,1962-09-16,Астронавт,селище Жидачів,"провулок Південна, буд. 5, Сватове, 84606",053 616 85 40,somkooleh@example.net
Яценко,Софія,Тарасівна,Жіноча,2002-12-21,Паблік рилейшнз,село Хмельницький,"сквер Віталія Блажка, буд. 57 кв. 6, Вилкове, 20677",086 734 42 26,yarsenych@example.com
Євдокименко,Устим,Степанович,Чоловіча,1988-03-17,Інженер,селище Кіцмань,"площа Миколи Куліша, буд. 981 кв. 3, Євпаторія, 64128",+380 43 747-67-19,lukian69@example.com
Жайворон,Тетяна,Тарасівна,Жіноча,2010-04-02,Диригент,село Балта,"набережна Вапняна, буд. 21, Тлумач, 09548",672 35 46,omeliantsiutsiura@example.org
Свистун,Віолетта,Олександрівна,Жіноча,1990-12-15,Ботанік,хутір Хмельницький,"парк Віталія Гуляєва, буд. 5, Радивилів, 62671",472 93 50,wandriiovych@example.net
Ярош,Дмитро,Романович,Чоловіча,1970-10-18,Доцент,місто Кременець,"шосе Морська, буд. 44 кв. 666, Єнакієве, 78787",050 681-09-63,hodunokpetro@example.net
Чайка,Миколай,Вікторович,Чоловіча,1993-12-08,Фрілансер,місто Нова Каховка,"провулок Лінія 22-га, буд. 656 кв. 9, Вашківці, 83624",+380 91 074-63-91,oleh26@example.com
Бандура,Азар,Дмитрович,Чоловіча,2002-07-23,Реставратор,хутір Гола Пристань,"сквер Осіння, буд. 188, Василівка, 95391",+380 11 202-50-57,eshchyrytsia@example.org
Супруненко,Анжела,Володимирівна,Жіноча,1980-02-15,Доцент,село Кобеляки,"проспект Болградська, буд. 69, Нікополь, 06443",+380 (85) 897-61-86,demian22@example.net
Ґерус,Георгій,Степанович,Чоловіча,1978-11-14,Пілот,хутір Довжанськ,"проспект Моторна, буд. 9 кв. 596, Болехів, 98243",011 505-61-62,petrokolisnychenko@example.com
Зайченко,Михайло,Васильович,Чоловіча,1967-08-25,Будник,село Борзна,"парк Тролейбусна, буд. 960 кв. 5, Тисмениця, 75866",+380 64 954-46-35,volodymyravatamaniuk@example.org
Вовк,Юстина,Григорівна,Жіноча,2006-08-03,Фрілансер,селище Святогірськ,"провулок Польський узвіз, буд. 4 кв. 66, Зеленодольськ, 99054",735-20-41,mieromenko@example.net
Хмара,Мартин,Володимирович,Чоловіча,1948-01-30,Модельєр,місто Оріхів,"вулиця Дорожня, буд. 94 кв. 0, Берестин, 24395",+380 (14) 216-61-98,albert62@example.org
Гоголь-Яновський,Сергій,Степанович,Чоловіча,1970-08-28,Мірошник,хутір Вишневе,"проспект Глухий міст, буд. 96, Тернопіль, 85051",842-42-53,serhii27@example.org
Цюцюра,Розалія,Іванівна,Жіноча,1990-07-02,Електрик,селище Кам'янка-Дніпровська,"проспект 10-та Лінія Марії Демченко, буд. 10, Марганець, 03886",+380 54 911-81-94,avreliidrozd@example.com
Устенко,Павло,Андрійович,Чоловіча,1984-09-30,Пекар,хутір Гола Пристань,"вулиця Уральський, буд. 1, Бучач, 77247",022-95-42,bshtepa@example.org
Бабенко,Андрій,Тарасович,Чоловіча,1962-06-02,Медик,селище Копичинці,"площа Прохоровський, буд. 6 кв. 980, Малин, 18414",+380 (87) 835-56-32,tereza99@example.com
Ісаєвич,Гордій,Олександрович,Чоловіча,1984-08-01,Сантехнік,місто Косів,"провулок Санітарна, буд. 39, Новгород-Сіверський, 84607",+380 53 457 33 42,iurchenkopanteleimon@example.org
Лисенко,Пилип,Тарасович,Чоловіча,1977-12-24,Секретар,місто Кременчук,"вулиця Хортицька, буд. 098 кв. 000, Олевськ, 36604",+380 (30) 731-91-44,mariiaholyk@example.com
Охріменко,Ростислав,Олегович,Чоловіча,1995-11-02,Гінеколог,хутір Хутір-Михайлівський,"парк Кристаловського, буд. 028 кв. 750, Маріуполь, 49082",083 421-81-11,cvanchenko@example.net
Лазаренко,Амалія,Вікторівна,Жіноча,1986-07-16,Клавішник,хутір Глиняни,"провулок Урожайна, буд. 17, Корюківка, 71528",+380 (57) 757-78-31,mariana78@example.net
Ковпак,Ілля,Анатолійович,Чоловіча,1955-02-22,Дерун,село Монастирище,"провулок Пересипський узвіз, буд. 83 кв. 2, Рубіжне, 96084",720-90-76,akulenkoleon@example.net
Жарко,Соломія,Юріївна,Жіноча,1951-07-12,Будник,місто Глухів,"парк Віталія Блажка, буд. 0 кв. 389, Білицьке, 47019",072 161-67-72,pavlyktetiana@example.net
Корбут,Єва,Сергіївна,Жіноча,1964-04-12,Науковець,місто Гола Пристань,"площа Балтський 4-й, буд. 895, Славута, 53781",032 537 60 68,daryna46@example.net
Доценко,Єфрем,Тарасович,Чоловіча,1970-11-03,Євнух,місто Золочів,"сквер Вознесенський, буд. 3 кв. 53, Судова Вишня, 04062",092 272-47-35,iushchenkomarusia@example.org
Корсун,Михайлина,Володимирівна,Жіноча,2003-07-10,Кінолог,місто Борзна,"шосе Сільськогосподарський, буд. 7 кв. 188, Ніжин, 59853",+380 79 060-74-93,aonufriienko@example.org
Удовиченко,Лукʼян,Романович,Чоловіча,2001-11-01,Візажист,місто Тальне,"сквер Ліверпульський, буд. 0, Щастя, 11114",912 40 04,dgoliash@example.org
Конопля,Франц,Вікторович,Чоловіча,1978-12-04,Електромонтажник,хутір Шахтарськ,"сквер Гена Іоганна, буд. 47 кв. 7, Угнів, 13368",202-02-35,jpalii@example.com
Корпанюк,Охрім,Андрійович,Чоловіча,1949-10-14,Біолог,хутір Шептицький,"сквер Кривобалківська, буд. 1, Помічна, 19148",011 131-59-90,ababii@example.org
Гавриленко,Клавдія,Олегівна,Жіноча,1993-12-10,Педагог,хутір Новомиргород,"площа Ігоря Іванова, буд. 0, Угнів, 40429",751 96 70,cderiazhnyi@example.com
Бгиденко,Валерій,Андрійович,Чоловіча,1987-12-18,Соціолог,хутір Бахмут,"вулиця Травневий 5-й, буд. 2 кв. 1, Білгород-Дністровський, 73370",220-95-76,kmiroshnychenko@example.com
Аверченко,Азар,Миколайович,Чоловіча,1979-01-17,Географ,селище Горохів,"проспект Західний 4-й, буд. 18, Берестечко, 38287",+380 (47) 161-72-54,hutsuliakdemian@example.com
Чубай,Варвара,Богданівна,Жіноча,2002-10-11,Кіноактор,місто Шахтарськ,"площа Новосельского, буд. 305 кв. 8, Хотин, 58615",959 45 38,iurchukdavyd@example.com
Бабак,Валентин,Васильович,Чоловіча,1990-03-28,Локсмайстер,хутір Корсунь-Шевченківський,"провулок Військово-морських сил, буд. 86, Бобровиця, 65595",+380 78 930 99 85,hiakymenko@example.com
Щириця,Надія,Петрівна,Жіноча,1967-06-04,Історик,селище Тетіїв,"парк Тараса Кузьміна, буд. 0, Білозерське, 13930",216 96 70,lytvynenkoamaliia@example.org
Тесля,Єлисавета,Григорівна,Жіноча,1968-08-02,Бібліограф,село Баранівка,"парк Єфімова, буд. 5 кв. 399, Брянка, 48127",068 924 49 88,zostapchuk@example.org
Корпанюк,Станіслав,Михайлович,Чоловіча,2005-12-11,Електромонтер,село Яготин,"вулиця Миколи Кравченка, буд. 04, Ужгород, 30196",094 586 90 21,ovcharenkovarfolomii@example.com
Єрченко,Леонід,Петрович,Чоловіча,1957-09-30,Мовознавець,хутір Апостолове,"набережна Могилівська, буд. 41 кв. 494, Сіверськодонецьк, 68066",006 815-42-59,feofan06@example.net
Юрченко,Єлисавета,Петрівна,Жіноча,1999-10-09,Сантехнік,хутір Чернівці,"сквер Верхня, буд. 75 кв. 28, Львів, 63523",207-83-24,mruban@example.org
Рева,Ганна,Миколаївна,Жіноча,1974-02-22,Літературознавець,хутір Бар,"шосе Менделе Сфоріма, буд. 0 кв. 363, Федорівка, 65727",+380 26 169-27-07,ocharnysh@example.org
Архимович,Олекса,Дмитрович,Чоловіча,1964-02-28,Бібліограф,місто Костопіль,"провулок Сім'ї Глодан, буд. 269, Канів, 87420",+380 77 661 85 56,daryna53@example.com
Василенко,Юхим,Романович,Чоловіча,1950-11-18,Психолог,місто Лебедин,"шосе Естафетна, буд. 86 кв. 3, Новоукраїнка, 26719",063 021-80-08,viktoriiavakhnii@example.net
Калениченко,Гліб,Григорович,Чоловіча,1954-01-31,Гицель,село Хрестівка,"узвіз Рівності 1-й, буд. 48, Васильків, 42280",062 992 46 76,oberemkooleksa@example.org
Романчук,Марина,Степанівна,Жіноча,2004-06-23,Математик,хутір Сорокине,"площа Контрадмірала Остроградського, буд. 28, Тараща, 80106",+380 77 582 96 22,markozakharenko@example.com
Ященко,Едита,Тарасівна,Жіноча,2009-01-15,Кінорежисер,хутір Бунге,"провулок Капітана Гаврікова, буд. 4 кв. 66, Вараш, 73279",+380 42 658 80 98,havrylo38@example.org
Червоненко,Юстина,Олегівна,Жіноча,2005-07-24,Стиліст,хутір Городня,"узвіз Італійський, буд. 46 кв. 4, Пустомити, 59256",013 187 95 88,stepan48@example.net
Шовкопляс,Розалія,Петрівна,Жіноча,1991-06-08,Громадський діяч,хутір Хуст,"проспект Шкільний, буд. 384, Ворожба, 13075",904-80-74,veniiamynskopenko@example.org
Шаповал,Спас,Степанович,Чоловіча,2004-12-08,Мовознавець,місто Буринь,"парк Шевченка, буд. 43 кв. 943, Городенка, 89257",+380 86 085 53 98,parmenshvachka@example.com
Баштан,Кирило,Володимирович,Чоловіча,1987-08-05,Мовознавець,село Щолкіне,"проспект Мелітопольська, буд. 137 кв. 72, Чорноморськ, 07862",+380 01 238 59 55,serhiiieshchenko@example.com
Товстуха,Альберт,Максимович,Чоловіча,1952-01-26,Бібліотекар,хутір Моспине,"провулок Солонцюватий, буд. 612 кв. 6, Долинська, 69891",446-99-72,sandriishyn@example.com
Ванченко,Єлисавета,Михайлівна,Жіноча,2000-03-11,Астрофізик,селище Старий Самбір,"парк Проектований 4-й, буд. 66, Курахове, 64116",+380 44 033 69 12,heorhiibabiichuk@example.net
Батуринець,Софія,Степанівна,Жіноча,1960-08-20,Програміст,хутір Попасна,"проспект Пассіонарії, буд. 4 кв. 8, Синельникове, 90791",+380 12 154-88-43,poltavetsvasylyna@example.com
Василенко,Макар,Миколайович,Чоловіча,2006-05-25,Інженер,село Маріуполь,"проспект Французький, буд. 632, Кипуче, 69677",+380 47 709 54 34,kozakleopold@example.com
Колодуб,Кирило,Анатолійович,Чоловіча,1961-07-11,Краєзнавець,місто Генічеськ,"проспект Волова, буд. 503, Берислав, 99814",966-06-62,roksolanavenhrynovych@example.net
Мазепа,Миколай,Вікторович,Чоловіча,2005-08-24,Програміст,хутір Запоріжжя,"провулок Пляжна, буд. 5 кв. 54, Кальміуське, 65726",026 059-97-16,mredko@example.com
Фаренюк,Лілія,Миколаївна,Жіноча,1952-05-27,Різноробочий,місто Канів,"шосе Лазурний 2-й, буд. 60 кв. 5, Заставна, 04391",282 87 70,albertilienko@example.org
Демʼянюк,Володимир,Олегович,Чоловіча,1952-04-15,Головний меркшейдер,село Лохвиця,"парк Шкільний аеродром, буд. 33 кв. 49, Златопіль, 77196",+380 35 898-11-83,vlasiuksemen@example.com
Бездітко,Світлана,Дмитрівна,Жіноча,1989-07-22,Няня,село Березівка,"проспект Травневий 1-й, буд. 0 кв. 78, Мостиська, 40043",+380 86 859 36 69,viraprykhodko@example.com
Лазаренко,Ілля,Андрійович,Чоловіча,1948-07-31,Електромонтажник,село Скалат,"шосе Дальницька, буд. 9 кв. 718, Бібрка, 54118",176 67 54,volodymyra27@example.org
Тесля,Ганна,Іванівна,Жіноча,2007-01-30,Громадський діяч,село Дубровиця,"узвіз Депутатський, буд. 180 кв. 0, Кремінна, 65188",026 567 48 58,vbaida@example.org
Ірванець,Максим,Вікторович,Чоловіча,1974-10-18,Архітектор,селище Заставна,"шосе Лютеранський, буд. 382, Гола Пристань, 56003",+380 36 546-80-88,xlytvyn@example.com
Яценюк,Соломон,Михайлович,Чоловіча,2011-09-11,Детектив,хутір Скадовськ,"вулиця Володі Дубініна, буд. 2, Іловайськ, 69669",020 550 60 25,omeliannazarenko@example.net
Тесленко,Захар,Романович,Чоловіча,1965-07-09,Дерун,селище Мостиська,"вулиця Асташкіна, буд. 035, Чорнобиль, 47632",393-06-90,bohuslavaaronets@example.org
Ванченко,Амалія,Богданівна,Жіноча,1975-08-08,Музикознавець,селище Нова Одеса,"узвіз Наявний 3-й, буд. 4 кв. 715, Коломия, 99764",+380 59 758-79-47,solomonkalchenko@example.net
Гук,Антон,Іванович,Чоловіча,2000-12-28,Фольклорист,селище Славутич,"сквер Перша, буд. 99, Старий Крим, 48046",+380 08 888 28 37,herman19@example.org
Христенко,Давид,Дмитрович,Чоловіча,1982-05-22,Піаніст,селище Барвінкове,"площа Амбулаторний 1-й, буд. 8, Устилуг, 78478",306 91 10,moskalmykolai@example.org
Міщенко,Данна,Миколаївна,Жіноча,1995-01-24,Графік,село Барвінкове,"узвіз Василя Кандинського 1-й, буд. 0, Івано-Франківськ, 83097",+380 83 645 00 93,sirkonestor@example.com
Базилевич,Марина,Степанівна,Жіноча,1951-07-07,Громадський діяч,селище Черкаси,"провулок Маразліївська, буд. 202, Бар, 17728",459-55-47,shakhraiiustyna@example.org
Шаблій,Іван,Миколайович,Чоловіча,1998-12-03,Секретар,селище Курахове,"шосе Четверта, буд. 16, Рогатин, 31413",+380 18 934-98-75,tereza84@example.org
Барабаш,Франц,Романович,Чоловіча,1976-02-09,Дипломат,місто Черкаси,"провулок Заможна, буд. 5 кв. 045, Верхньодніпровськ, 24763",933 35 49,verkholavadym@example.com
Єрмоленко,Гаврило,Юрійович,Чоловіча,1960-11-16,Громадський діяч,хутір Березань,"проспект Вчительська, буд. 891 кв. 368, Шумськ, 92222",+380 94 103-12-94,shyianfedir@example.com
Височан,Артем,Олександрович,Чоловіча,1952-06-28,Електротехнік,село Шахтарське,"сквер Троїцька, буд. 262, Чуднів, 63829",072 901 77 92,liudmyla54@example.net
Дубас,Орися,Сергіївна,Жіноча,1953-07-08,Паблік рилейшнз,селище Тернопіль,"проспект Пісочна, буд. 98 кв. 02, Дебальцеве, 27299",+380 (00) 093-87-02,valeriishchors@example.org
Алексеєнко,Остап,Андрійович,Чоловіча,1953-08-09,Конструктор,хутір Коростень,"сквер Східчастий 4-й, буд. 7 кв. 809, Заліщики, 76735",759 84 33,nkanivets@example.net
Якименко,Орхип,Григорович,Чоловіча,1950-03-08,Музикант,село Сокаль,"узвіз Наявний 3-й, буд. 1, Дубляни, 17789",014-61-19,ezasiadko@example.net
Оробець,Демʼян,Анатолійович,Чоловіча,1988-07-31,Програміст,селище Острог,"проспект Художника Федорова, буд. 54, Тальне, 62178",167-44-74,iustyna32@example.org
Шморгун,Ірина,Андріївна,Жіноча,1964-08-27,Художник,селище Лисичанськ,"вулиця Мала Арнаутська, буд. 5, Збараж, 74498",427 77 18,qiakovenko@example.com
Петлюра,Артем,Сергійович,Чоловіча,1977-07-11,Інженер,селище Охтирка,"вулиця Костанді 2-й, буд. 5 кв. 36, Маріуполь, 31115",022 517-91-71,msheremet@example.org
Рубан,Олекса,Олександрович,Чоловіча,1965-06-11,Математик,хутір Лиман,"провулок Гранатний, буд. 891, Тернівка, 07035",055 080-95-63,ievdokymenkoorest@example.net
Артюх,Пантелеймон,Вікторович,Чоловіча,2003-02-05,Художник,селище Моспине,"узвіз Приморський, буд. 157, Зоринськ, 83602",+380 99 173 23 05,alina43@example.org
Гавришкевич,Марина,Григорівна,Жіноча,2009-07-06,Електромонтер,хутір Калинівка,"вулиця Ветеранів праці, буд. 0, Чугуїв, 30624",+380 32 275-72-31,chalenkoielysaveta@example.org
Абраменко,Валерій,Дмитрович,Чоловіча,1953-04-01,Геолог,село Рава-Руська,"провулок Скидановська, буд. 5 кв. 3, Мукачево, 31251",077 175 61 41,ievhen72@example.org
Саченко,Святослав,Григорович,Чоловіча,1950-07-31,Сценарист,місто Тиврів,"проспект Стороженка Олега, буд. 45, Хуст, 45526",400-36-29,olena93@example.net
Сагаль,Віктор,Сергійович,Чоловіча,2002-05-09,Паблік рилейшнз,хутір Курахове,"проспект Деволанівський узвіз, буд. 4, Горішні Плавні, 92948",+380 42 983 51 20,ilienkomariana@example.com
Асаула,Христина,Михайлівна,Жіноча,1960-01-20,Гінеколог,селище Мелітополь,"провулок Аеропортівський 3-й, буд. 408 кв. 84, Біляївка, 66956",+380 50 054-95-97,danylohavrylyshyn@example.org
Іщенко,Одарка,Петрівна,Жіноча,1949-03-21,Перекладач,хутір Дубляни,"вулиця Педагогічна, буд. 41, Багачеве, 16066",+380 (43) 075-38-82,ustenkovenedykt@example.net
Тарасенко,Арсен,Володимирович,Чоловіча,1992-04-18,Стропальник,місто Білозерське,"площа Садиковська, буд. 594 кв. 43, Кам'янка-Дніпровська, 36785",051 740 15 97,mykyta06@example.org
Данькевич,Тетяна,Іванівна,Жіноча,1965-02-17,Кінорежисер,місто Сіверськ,"вулиця Краснова, буд. 8 кв. 71, Миколаїв, 92479",+380 20 773-72-55,holoborodkoliliia@example.com
Заєць,Болеслав,Миколайович,Чоловіча,1994-01-31,Гірник,хутір Козятин,"площа Одеський, буд. 6 кв. 486, Хирів, 72738",+380 (69) 342-38-46,omelian57@example.net
Гайворонська,Аліна,Миколаївна,Жіноча,1960-01-27,Ді-джей,селище Павлоград,"набережна Торгова, буд. 79 кв. 95, Жданівка, 64741",042 666 49 44,omeliannestaiko@example.net
Редько,Олекса,Олександрович,Чоловіча,1957-06-21,Сантехнік,місто Хоростків,"площа Локальна, буд. 8 кв. 5, Костопіль, 66716",125 95 36,katroshchenko@example.org
Наливайко,Лариса,Тарасівна,Жіноча,1951-02-06,Ювелір,хутір Хрустальний,"шосе Балтський 3-й, буд. 25 кв. 04, Борзна, 05627",392-62-99,babiuksvitlana@example.net
Ляшко,Степан,Тарасович,Чоловіча,1978-04-26,Будник,село Ананьїв,"набережна Українських Героїв, буд. 08, Іллінці, 40345",+380 79 880-44-88,zzubko@example.net
Василевич,Демид,Вікторович,Чоловіча,1949-01-17,Адвокат,хутір Боково-Хрустальне,"парк Балтський 7-й, буд. 137, Ківерці, 61639",347 86 88,arkhymovychmykyta@example.com
Чумаченко,Лілія,Романівна,Жіноча,1971-08-04,Сценарист,хутір Сокаль,"вулиця Український 1-й, буд. 6, Білопілля, 77475",+380 98 055-47-87,bohodar07@example.org
Франчук,Василина,Юріївна,Жіноча,1971-09-04,Парфюмер,хутір Бахмач,"вулиця Каштанова, буд. 940 кв. 259, Кременець, 82035",+380 03 442-23-24,martavasylashko@example.com
Архипенко,Віра,Максимівна,Жіноча,1992-10-04,Електрослюсар,місто Монастириська,"набережна Деволанівська, буд. 14, Березне, 02373",162-80-93,orysia61@example.net
Самойленко,Софія,Олегівна,Жіноча,1980-06-11,Краєзнавець,село Новодністровськ,"шосе Левадна, буд. 4 кв. 4, Глобине, 89504",+380 32 685-25-91,onufriienkodanylo@example.net
Кальченко,Семен,Юрійович,Чоловіча,1990-04-04,Різноробочий,селище Мена,"проспект Мацієвської, буд. 08 кв. 9, Вознесенівка, 41968",+380 90 295-84-23,amvrosii40@example.org
Гук,Феофан,Михайлович,Чоловіча,1964-09-29,Педагог,місто Моршин,"провулок Монгольська, буд. 8 кв. 7, Біляївка, 75398",+380 (15) 144-25-91,kamilla92@example.org
Венгринович,Соломон,Михайлович,Чоловіча,1949-03-18,Кухар,село Буськ,"проспект Лиманчик 2-й Лінія 8-ма, буд. 5 кв. 73, Святогірськ, 27875",059 821-61-68,mykytatryhub@example.com
Оніщук,Азар,Андрійович,Чоловіча,1976-07-19,Ді-джей,хутір Роздільна,"вулиця Рішельєвська, буд. 745, Білгород-Дністровський, 48306",045 815 77 08,viktor81@example.net
Ніколюк,Амвросій,Григорович,Чоловіча,1960-02-14,Підприємець,місто Камінь-Каширський,"узвіз Північна, буд. 798, Олешки, 21798",545 56 80,haidavalerii@example.org
Гриценко,Андрій,Олександрович,Чоловіча,1963-04-12,Ювелір,село Синельникове,"вулиця Траса Здоров'я, буд. 4 кв. 272, Прилуки, 58708",+380 32 715 74 02,dmytro36@example.com
Демиденко,Антон,Григорович,Чоловіча,1949-03-26,Науковець,хутір Перемишляни,"площа Капітана Кузнецова, буд. 317 кв. 558, Бершадь, 79045",+380 94 504-17-23,lytvynroksolana@example.com
Акименко,Тетяна,Степанівна,Жіноча,1997-10-15,Кухар,місто Амвросіївка,"узвіз Новоберегова, буд. 22, Білозерське, 02932",+380 48 656-55-88,borysturkalo@example.org
Авраменко,Валентина,Григорівна,Жіноча,1975-05-08,Зоолог,хутір Вільнянськ,"шосе Академіка Філатова, буд. 110, Івано-Франківськ, 87029",049 861 24 33,halyna27@example.com
Чміль,Спас,Романович,Чоловіча,1978-03-25,Шериф,селище Лозова,"проспект 5-та Лінія 6-й ст. Люстдорфської дороги, буд. 654 кв. 04, Яготин, 94002",+380 (53) 821-97-72,verkhovynetsvolodymyra@example.net
Петренко,Руслан,Сергійович,Чоловіча,1996-10-06,Музикант,село Кремінна,"площа Лінія 22-га, буд. 2 кв. 64, Красногорівка, 37071",+380 58 729 10 93,ccherinko@example.net
Ґереґа,Едита,Сергіївна,Жіноча,1973-11-30,Золотар,хутір Берислав,"проспект Крайня, буд. 12, Сторожинець, 43047",023 892-34-32,danylosych@example.com
Оніщук,Максим,Михайлович,Чоловіча,2011-08-26,Головний меркшейдер,хутір Золоте,"парк Карантинний узвіз, буд. 80 кв. 674, Тростянець, 10715",939-97-85,adam43@example.com
Шиян,Святослава,Тарасівна,Жіноча,1973-04-23,Єгер,село Слов'янськ,"сквер Окружна, буд. 5, Рені, 46775",+380 16 665-15-02,zzabila@example.org
Ященко,Валерій,Романович,Чоловіча,1967-10-28,Антрополог,селище Перевальськ,"вулиця Обліпихова, буд. 893, Чорнобиль, 26487",004 373 92 56,oles30@example.org
Шахрай,Ада,Дмитрівна,Жіноча,1984-05-26,Громадський діяч,хутір Українськ,"площа Москеті, буд. 257 кв. 7, Ужгород, 95151",+380 62 627 84 12,babychanita@example.org
Павличенко,Зорян,Сергійович,Чоловіча,1961-12-30,Фармацевт,хутір Шептицький,"шосе Генуезька, буд. 27, Васильків, 35267",919-48-99,nestorvlasiuk@example.com
Чумак,Леопольд,Миколайович,Чоловіча,1968-04-07,Акушер,хутір Новомиргород,"шосе Строганов міст, буд. 33, Путивль, 34461",+380 03 400-75-05,dankoles@example.org
Базавлученко,Теодор,Олександрович,Чоловіча,1989-09-23,Парфюмер,хутір Іршава,"узвіз Кінбурнський, буд. 717, Попасна, 98246",+380 60 728 52 78,bohdanzinkevych@example.org
Затовканюк,Адам,Олександрович,Чоловіча,2007-12-04,Геофізик,місто Умань,"вулиця Дунайська, буд. 66 кв. 994, Корсунь-Шевченківський, 92499",256-48-85,violetta11@example.com
Акуленко,Оксана,Максимівна,Жіноча,1962-09-17,Паблік рилейшнз,село Верхньодніпровськ,"узвіз Добровольців, буд. 738 кв. 3, Балаклія, 83060",569-22-20,qgerega@example.com
Гавришкевич,Артем,Володимирович,Чоловіча,1988-09-11,Ґрунтознавець,селище Баранівка,"набережна Уманська, буд. 40 кв. 729, Борзна, 68383",+380 36 972-95-73,lukianhaidai@example.org
Мазепа,Левко,Андрійович,Чоловіча,1966-11-05,Сценарист,селище Глиняни,"узвіз Кладовищний, буд. 9, Миколаїв, 11439",+380 95 591 18 38,hunkovolodymyr@example.org
Малик,Аврелій,Григорович,Чоловіча,1971-12-03,Співак,селище Угнів,"узвіз Бугаївська, буд. 217 кв. 310, Ямпіль, 21615",025 949 11 33,davydnazarenko@example.net
Удовиченко,Леонід,Володимирович,Чоловіча,1959-12-13,Професор,хутір Зимогір'я,"сквер Академіка Заболотного, буд. 14, Олешки, 71913",+380 (29) 473-46-56,zhuravelnadiia@example.com
Щербак,Опанас,Дмитрович,Чоловіча,1988-04-03,Історик,село Алупка,"парк Пироговська, буд. 968, Броди, 62401",+380 (13) 013-53-29,zaietsopanas@example.net
Онуфрієнко,Давид,Вікторович,Чоловіча,1968-01-13,Палеонтолог,село Каховка,"набережна Івана Луценка, буд. 5 кв. 01, Носівка, 28567",029 759 38 60,priska78@example.org
Шовкопляс,Спас,Вікторович,Чоловіча,1992-06-07,Водій,місто Бердичів,"провулок Залізничний 3-й, буд. 9 кв. 821, Сокологірськ, 22359",+380 60 037-61-74,maksym54@example.org
Данькевич,Леонтій,Григорович,Чоловіча,1959-01-13,Журналіст,селище Мар'їнка,"вулиця Красива, буд. 5 кв. 7, Красилів, 17171",+380 19 761-99-40,varvaradanchenko@example.org
Арсенич,Аарон,Тарасович,Чоловіча,1988-10-24,Візажист,хутір Хмільник,"узвіз Китобійний 1-й, буд. 725 кв. 03, Маріуполь, 65969",+380 20 664-50-25,violetta00@example.org
Ющенко,Златослава,Сергіївна,Жіноча,1991-04-13,Програміст,місто Путивль,"узвіз Балтська дорога, буд. 5, Гадяч, 96397",+380 51 036-70-66,anastasiiadavymuka@example.net
Засенко,Борислав,Іванович,Чоловіча,1962-05-17,Каскадер,село Чорнобиль,"сквер Сергія Коновалова, буд. 92, Мена, 40176",040 811 34 72,driabovil@example.com
Чорновіл,Анжела,Андріївна,Жіноча,1981-04-01,Економіст,хутір Буча,"набережна Світлий, буд. 3, Шепетівка, 97134",+380 37 027-12-32,onishchuktymofii@example.com
Палій,Сергій,Дмитрович,Чоловіча,1992-06-28,Маркетолог,хутір Новий Буг,"проспект Кордонна, буд. 2 кв. 37, Долина, 67709",467-22-57,hliblemeshko@example.net
Гавриш,Тереза,Андріївна,Жіноча,1947-06-30,Композитор,місто Новий Калинів,"узвіз Садовий, буд. 20, Костянтинівка, 80315",+380 62 950-76-56,nazarenkoomelian@example.net
Демиденко,Климент,Тарасович,Чоловіча,1979-01-07,Мовознавець,хутір Баранівка,"площа Соляна, буд. 463, Дубно, 17732",+380 87 107-26-59,avrelii36@example.net
Чуприна,Стефан,Тарасович,Чоловіча,1958-07-21,Водій,селище Брянка,"вулиця Львівська, буд. 291 кв. 963, Олександрівськ, 87621",080 548 44 30,sbabychenko@example.org
Остапчук,Ярослава,Василівна,Жіноча,1989-02-21,Електрик,місто Апостолове,"парк Кристаловського, буд. 80, Сватове, 49100",+380 (05) 251-00-63,xvlasiuk@example.com
Онищенко,Лукʼян,Олександрович,Чоловіча,1961-12-08,Бухгалтер,селище Ніжин,"проспект Дмитра Сигаревича, буд. 9 кв. 70, Шептицький, 75824",061 105 35 96,zinkevychihnat@example.com
Артюшенко,Мирон,Вікторович,Чоловіча,2010-07-19,Вчитель,селище Чернівці,"узвіз Каретний, буд. 400, Вишгород, 93995",138 47 40,valentyna30@example.org
Затовканюк,Пармен,Сергійович,Чоловіча,2006-04-26,Кухар,селище Умань,"узвіз Пішонівська, буд. 134, Чорнобиль, 78864",+380 08 434-13-92,xzaiets@example.com
Смик,Адам,Юрійович,Чоловіча,1979-12-11,Головний меркшейдер,село Мерефа,"проспект Шостої 1-й, буд. 77, Жовті Води, 34339",283 90 47,zakhar95@example.org
Піддубний,Миколай,Андрійович,Чоловіча,2007-10-15,Адвокат,село Ходорів,"парк Штильова, буд. 012 кв. 58, Старобільськ, 37645",028 064 61 30,semenkovaliuk@example.org
Стельмах,Назар,Дмитрович,Чоловіча,2004-06-04,Бібліотекар,селище Львів,"провулок Пироговська, буд. 989 кв. 9, Бахчисарай, 03604",438-37-77,vashchenkoherman@example.org
Шинкаренко,Руслан,Андрійович,Чоловіча,1972-07-25,Фотограф,селище Куп'янськ,"шосе Палія Семена, буд. 576 кв. 460, Очаків, 61217",042 736-90-61,amaliiademianiuk@example.com
Бабариченко,Аніта,Григорівна,Жіноча,1968-01-24,Промисловець,селище Ананьїв,"набережна Балтський 5-й, буд. 0 кв. 75, Підгородне, 78977",018 128-24-42,chalanazar@example.org
Байрак,Артем,Васильович,Чоловіча,1980-04-22,Музичний редактор,місто Кам'янське,"узвіз Незалежності, буд. 87, Мелітополь, 04342",+380 85 611-22-56,oles40@example.com
Гавришкевич,Анжела,Андріївна,Жіноча,2009-05-15,Пекар,хутір Винники,"набережна Авіаційна, буд. 5 кв. 54, Довжанськ, 90703",791-97-05,ydanylchuk@example.net
Сацюк,Ірина,Степанівна,Жіноча,1976-09-05,Складальник,хутір Погребище,"вулиця Проектуєма, буд. 483 кв. 9, Біла Церква, 41132",014 436-73-25,revamarusia@example.com
Петренко,Валентина,Олександрівна,Жіноча,1954-10-08,Кіноактор,село Тлумач,"парк Панаса Саксаганського, буд. 90, Радивилів, 95309",+380 05 857-10-31,leon48@example.net
Лазаренко,Богуслав,Григорович,Чоловіча,1979-11-17,Патологоанатом,селище Кропивницький,"узвіз Балтський 4-й, буд. 3, Шахтарськ, 59666",084 993 36 60,hgerega@example.org
Дрозд,Єлисавета,Михайлівна,Жіноча,2005-01-26,Музикант,село Алупка,"набережна Теплична, буд. 4, Сторожинець, 01073",+380 22 892 55 11,mazuriaroslav@example.net
Цибуленко,Веніямин,Іванович,Чоловіча,1956-10-11,Ґрунтознавець,хутір Лозова,"площа Високий, буд. 3, Стебник, 92363",+380 17 821-92-15,jskyba@example.net
Данильчук,Венедикт,Олегович,Чоловіча,1976-03-10,Фрілансер,селище Арциз,"проспект Сухолиманна, буд. 4 кв. 4, Фастів, 33962",952 05 19,uadamenko@example.org
Лаба,Охрім,Михайлович,Чоловіча,1969-03-27,Режисер,село Докучаєвськ,"площа Івана Луценка, буд. 6, Лиман, 54442",323-95-70,isaienkomilena@example.com
Деревʼянко,Аарон,Олегович,Чоловіча,2011-07-07,Штукатур,село Сквира,"шосе Архітектурна, буд. 099, Хорол, 44151",853 63 68,priska24@example.com
Шеремета,Оксенія,Юріївна,Жіноча,1993-10-14,Археолог,село Хирів,"сквер Іванівська, буд. 416 кв. 497, Снігурівка, 50032",+380 (50) 119-61-87,heorhii32@example.net
Захаренко,Ірена,Олександрівна,Жіноча,1982-10-20,Ветеринар,місто Очаків,"шосе Жаботинського, буд. 8 кв. 347, Чорноморськ, 66877",+380 (35) 245-40-84,bsirobaba@example.org
Чорновіл,Анжела,Вікторівна,Жіноча,2002-07-14,Візажист,місто Городок,"набережна Кладовищенська, буд. 956 кв. 9, Київ, 30067",+380 34 630 27 21,riurchuk@example.org
Гайденко,Марта,Вікторівна,Жіноча,1984-12-31,Антрополог,село Обухів,"провулок Матеріальний 1-й, буд. 9 кв. 6, Запоріжжя, 96502",+380 80 816-85-70,poltavetsbohdan@example.org
Чарниш,Дан,Андрійович,Чоловіча,1968-10-21,Фізик,хутір Житомир,"набережна Зелена балка, буд. 630 кв. 66, Берестечко, 22047",048 445 48 18,iryna58@example.com
Ющенко,Юстим,Юрійович,Чоловіча,1956-11-27,Астронавт,селище Донецьк,"набережна Педагогічна, буд. 377 кв. 0, Вільнянськ, 91494",+380 04 375 94 86,oleksa79@example.net
Даниленко,Марта,Тарасівна,Жіноча,1969-04-13,Ґрунтознавець,селище Покров,"шосе Колективний, буд. 9 кв. 4, Обухів, 29744",+380 32 376-49-35,hermanisaienko@example.org
Бакуменко,Ірина,Степанівна,Жіноча,1998-10-04,Електромонтер,селище Козятин,"площа Ігоря Бедзая, буд. 5, Білгород-Дністровський, 95266",677-73-04,ivasiukmyron@example.com
Дзюба,Михайлина,Степанівна,Жіноча,2001-08-25,Економіст,хутір Лисичанськ,"провулок Головна, буд. 756 кв. 54, Херсон, 03923",061 373-79-06,nesterenkoeduard@example.net
Данильчук,Кирило,Олександрович,Чоловіча,1959-12-21,Співак,село Рава-Руська,"проспект Виноградна 2-га, буд. 114, Ямпіль, 72475",229-71-41,boryslavdashkevych@example.org
Іванченко,Трохим,Петрович,Чоловіча,1970-03-23,Скульптор,село Вилкове,"набережна Лінія 53-тя, буд. 03 кв. 731, Шпола, 97814",512 27 41,snizhana32@example.net
Артимишин,Георгій,Степанович,Чоловіча,2008-01-22,Стропальник,місто Глобине,"узвіз Литовська, буд. 700, Сніжне, 82781",240-67-71,veniiamyn21@example.com
Примаченко,Варфоломій,Іванович,Чоловіча,1970-07-04,Актор,хутір Стрий,"сквер Балтський 3-й, буд. 320 кв. 00, Борислав, 80874",562 70 35,ibaidak@example.org
Вдовенко,Панас,Володимирович,Чоловіча,1988-12-20,Кушнір,хутір Березне,"проспект Педагогічний, буд. 2 кв. 187, Берестечко, 71498",132-08-59,makarustenko@example.org
Зайченко,Гаврило,Богданович,Чоловіча,1957-11-01,Краєзнавець,селище Світлодарськ,"набережна Степана Олійника узвіз, буд. 898, Керч, 51347",+380 22 330-54-39,davydenkoavrelii@example.net
Москаль,Семен,Максимович,Чоловіча,1957-07-14,Патологоанатом,хутір Білопілля,"площа Каменярів, буд. 85 кв. 9, Тлумач, 23307",+380 69 853 88 37,oleksandrverkhola@example.com
Лукаш,Дан,Романович,Чоловіча,1995-04-25,Економіст,селище Кропивницький,"сквер Горбиста, буд. 3 кв. 763, Одеса, 38211",+380 34 094 73 51,uredko@example.com
Корж,Єва,Богданівна,Жіноча,1964-09-30,Льотчик,хутір Бахчисарай,"шосе Нафтовиків 1-й, буд. 161, Новий Калинів, 90143",+380 (30) 094-61-18,avreliidzyndra@example.org
Бабенко,Орина,Дмитрівна,Жіноча,1990-04-05,Мікробіолог,хутір Довжанськ,"проспект Садова 1-ша, буд. 8 кв. 588, Мостиська, 13481",424-44-16,ustym23@example.net
Данько,Наталія,Миколаївна,Жіноча,1959-02-28,Сантехнік,село Привілля,"сквер Штурвальна, буд. 00, Апостолове, 37617",098 871-56-14,yriabchenko@example.com
Ісаєнко,Надія,Михайлівна,Жіноча,1974-04-11,Професор,місто Дніпрорудне,"набережна Маковий, буд. 180 кв. 5, Суми, 23663",267 05 33,ubatiuk@example.net
Шамрай,Олена,Володимирівна,Жіноча,1965-12-01,Антрополог,село Пирятин,"вулиця Бардаха, буд. 373 кв. 31, Південне, 54678",+380 46 350 06 69,zakusylopanteleimon@example.com
Фартушняк,Любов,Миколаївна,Жіноча,1993-12-24,Круп'є,селище Моспине,"набережна Медовий, буд. 0 кв. 928, Багачеве, 01640",092 963-39-92,vivcharenkoleon@example.com
Верховинець,Альбіна,Сергіївна,Жіноча,2010-01-01,Медик,хутір Косів,"вулиця Дерибасівська, буд. 588 кв. 30, Дубно, 46367",098 833 60 60,mazurarsen@example.net
Оробець,Лілія,Михайлівна,Жіноча,1967-06-26,Археолог,місто Кам'янка-Бузька,"вулиця Ковиловий, буд. 694, Ківерці, 37858",699 12 56,olehvertyporokh@example.org
Ващук,Єлисавета,Володимирівна,Жіноча,1981-03-17,Філолог,хутір Вознесенськ,"узвіз Кільцева, буд. 40 кв. 5, Попасна, 95691",035 214-72-66,ievavitruk@example.com
Цюпа,Семен,Олександрович,Чоловіча,1996-02-29,Вчитель,село Вараш,"площа Гетьманський, буд. 09 кв. 12, Почаїв, 44383",+380 48 979-15-28,vovkklavdiia@example.org
Зінчук,Охрім,Юрійович,Чоловіча,1990-03-30,Мірошник,селище Глобине,"шосе Стрийський, буд. 665, Горішні Плавні, 83822",096 306-06-61,kvashchuk@example.com
Цюцюра,Ада,Олександрівна,Жіноча,1986-02-02,Каскадер,місто Ананьїв,"провулок Миколи Кравченка, буд. 3 кв. 82, Очаків, 47384",054 788-39-45,iosyp02@example.net
Височан,Олег,Михайлович,Чоловіча,1984-09-26,Етнограф,хутір Рахів,"площа Селекційний, буд. 12, Овруч, 71221",087 878-11-79,hermanieshchenko@example.org
Проценко,Орися,Олегівна,Жіноча,1951-10-25,Будник,селище Кілія,"проспект Лінія 43-тя, буд. 3 кв. 925, Кременець, 49902",995 31 00,oleksatsiupa@example.net
Удовенко,Валентин,Михайлович,Чоловіча,1993-09-06,Державний службовець,селище Новоукраїнка,"вулиця Шота Руставелі, буд. 6 кв. 07, Жашків, 52382",392-16-13,nvernydub@example.net
Ґоляш,Ярина,Анатоліївна,Жіноча,1992-06-05,Редактор,село Антрацит,"проспект Сортувальна 2-га, буд. 101 кв. 6, Алмазна, 66943",+380 07 703 10 96,dzhunpetro@example.com
Свистун,Демид,Іванович,Чоловіча,1971-07-06,Намотувальник,місто Решетилівка,"провулок Лінія 50-та, буд. 77 кв. 2, Пирятин, 16033",+380 (79) 194-31-64,andrusenkosemen@example.net
Данилюк,Надія,Степанівна,Жіноча,1982-08-14,Режисер,місто Корсунь-Шевченківський,"сквер Князівська, буд. 00 кв. 81, Могилів-Подільський, 66866",+380 91 813 25 05,mykolaichervonenko@example.net
Василенко,Пармен,Петрович,Чоловіча,2005-09-05,Фармацевт,село Овруч,"провулок 11-та Лінія Марії Демченко, буд. 623 кв. 3, Лохвиця, 64797",+380 81 601-69-41,bazavluchenkoivan@example.org
Даниленко,Охрім,Володимирович,Чоловіча,1992-07-19,Паралегал,селище Чугуїв,"вулиця Давида Ойстраха, буд. 13 кв. 7, Часів Яр, 23546",+380 28 117-48-99,jieromenko@example.net
Гавриш,Ярина,Олегівна,Жіноча,1994-06-22,Намотувальник,хутір Івано-Франківськ,"площа Прирейкова, буд. 04, Кіцмань, 53573",061 184 07 82,raverchenko@example.net
Павленко,Едуард,Сергійович,Чоловіча,1970-07-06,Детектив,село Лозова,"шосе Туристський, буд. 1, Хрестівка, 79311",049 306 09 30,goliashklyment@example.org
Онуфрієнко,Володимир,Степанович,Чоловіча,1965-02-07,Пекар,місто Новояворівськ,"шосе Лавкова, буд. 11 кв. 353, Борислав, 75862",037 559-58-15,leopold71@example.com
Ткаченко,Еріка,Андріївна,Жіноча,1972-09-12,Історик,місто Очаків,"узвіз Прохоровський, буд. 3, Рені, 75159",033-49-28,mvitruk@example.org
Туркало,Віталій,Дмитрович,Чоловіча,1974-05-05,Круп'є,місто Вижниця,"узвіз Цесевича, буд. 83, Сновськ, 81144",091 761 47 10,spasdanylenko@example.net
Вергун,Оксенія,Юріївна,Жіноча,1996-12-20,Паблік рилейшнз,село Житомир,"набережна 19-та Лінія, буд. 479 кв. 14, Боярка, 96332",875 38 80,satsiukbohdanna@example.org
Копитко,Любов,Тарасівна,Жіноча,1974-09-22,Юрист,село Харків,"набережна Василя Кричевського, буд. 9 кв. 60, Ніжин, 07235",409 28 72,izhakevychbohdan@example.com
Демʼяненко,Богдан,Григорович,Чоловіча,1960-08-11,Краєзнавець,місто Тернопіль,"шосе Василя Стуса, буд. 700 кв. 84, Березань, 46165",639 73 07,adam55@example.org
Зінчук,Юстим,Дмитрович,Чоловіча,2003-09-09,Програміст,селище Житомир,"узвіз Костанді, буд. 8 кв. 164, Гірник, 18262",+380 (05) 625-65-24,danna09@example.org
Андрійчук,Соломон,Вікторович,Чоловіча,1973-07-20,Електрик,місто Горлівка,"узвіз Підйомний, буд. 792 кв. 520, Мена, 78147",+380 09 285-29-99,pavlychenkomaksym@example.com
Ґерус,Мартин,Володимирович,Чоловіча,1950-02-01,Історик,місто Овруч,"узвіз Залізнична, буд. 073 кв. 36, Сквира, 55704",091-54-98,oksanabandura@example.org
Чуприна,Марина,Максимівна,Жіноча,1975-03-22,Фотограф,місто Ворожба,"площа Станційна 2-га, буд. 5, Корюківка, 77463",+380 95 488 60 42,ederiazhnyi@example.org
Юхименко,Розалія,Максимівна,Жіноча,1967-11-10,Науковець,місто Волноваха,"набережна Художника Федорова, буд. 09, Галич, 67781",+380 36 129 80 84,arsenychvenedykt@example.com
Балабан,Мартин,Богданович,Чоловіча,1983-08-31,Фольклорист,селище Щолкіне,"шосе Олександра Мурашка, буд. 35 кв. 079, Снігурівка, 59793",070 858-19-74,artymtrokhym@example.org
Опанасенко,Спас,Петрович,Чоловіча,1958-05-08,Публіцист,селище Голубівка,"вулиця Матроський узвіз, буд. 68, Чугуїв, 73059",+380 79 312 45 13,zfastenko@example.net
Ісаєвич,Богуслава,Григорівна,Жіноча,1988-02-28,Випробувач,хутір Долина,"провулок Верф’яний, буд. 7 кв. 01, Кам'янка (Черкаська область), 88501",+380 02 345-94-66,huziiliudmyla@example.com
Удовиченко,Макар,Андрійович,Чоловіча,1983-05-28,Єгер,хутір Лутугине,"провулок Опішнянський, буд. 294 кв. 33, Тлумач, 63913",640 83 25,marusia84@example.com
Журавель,Пармен,Дмитрович,Чоловіча,1964-10-30,Біолог,село Харків,"проспект Балтський 5-й, буд. 7, Коломия, 04486",464-26-49,medvedenkoboryslav@example.org
Єсипенко,Мирон,Володимирович,Чоловіча,2002-04-18,Електрослюсар,місто Баштанка,"вулиця Красива, буд. 40, Суми, 54998",201-76-67,eandriishyn@example.com
Стець,Петро,Миколайович,Чоловіча,1995-02-22,Соціолог,хутір Добропілля,"проспект Леопольда Ященка, буд. 91, Дебальцеве, 67896",059 345-54-99,andriishynorysia@example.org
Тихий,Вʼячеслав,Петрович,Чоловіча,1972-03-05,Хімік,село Новий Буг,"узвіз Львівська, буд. 141, Глиняни, 86063",+380 07 270-52-93,nshukhevych@example.net
Тягнибок,Альберт,Андрійович,Чоловіча,1979-03-10,Електромонтер,селище Хуст,"узвіз 6-та Лінія Марії Демченко, буд. 0, Южне, 98356",590 37 33,nhuzenko@example.org
Медведенко,Соломія,Григорівна,Жіноча,1974-08-10,Географ,місто Миколаїв,"парк Осипова, буд. 583, Стебник, 02031",084 959 19 25,protsenkohlib@example.org
Андріїшин,Святослав,Васильович,Чоловіча,1986-02-05,Біолог,село Бахмач,"проспект 40-річчя оборони Одеси, буд. 42, Довжанськ, 47526",+380 23 250 37 05,svystunillia@example.com
Асаула,Остап,Тарасович,Чоловіча,1998-01-10,Ювелір,селище Соснівка,"вулиця Друга, буд. 133 кв. 173, Луцьк, 39650",+380 24 474-74-98,isaienkolukian@example.org
Матвієнко,Іван,Дмитрович,Чоловіча,1968-06-03,Шериф,хутір Остер,"парк Трояндова, буд. 9 кв. 3, Глобине, 59424",+380 85 476-20-01,orynakovalenko@example.org
Данильчук,Алла,Степанівна,Жіноча,1988-02-28,Дипломат,село Харків,"набережна Колекційна, буд. 53, Скалат, 37495",027 514 11 48,aleksiichukserhii@example.net
Царенко,Нестор,Олегович,Чоловіча,1978-04-20,Ріелтор,селище Люботин,"шосе Грузинська, буд. 40, Рогатин, 89111",+380 67 846 36 37,frantsostapchuk@example.org
Чубай,Августин,Дмитрович,Чоловіча,1994-05-28,Бібліотекар,хутір Сокологірськ,"площа Тарутинська, буд. 19, Керч, 86349",+380 (21) 704-29-49,aaron96@example.com
Кармалюк,Лілія,Олександрівна,Жіноча,1987-06-16,Інженер,місто Винники,"провулок Кузнечна, буд. 156 кв. 68, Турка, 32448",753 64 79,leonid20@example.com
Слюсар,Вадим,Васильович,Чоловіча,1979-03-10,Няня,село Старий Самбір,"набережна Колонічна, буд. 405 кв. 389, Бершадь, 67769",+380 75 006-86-57,dzhalilo@example.com
Фартушняк,Наталія,Дмитрівна,Жіноча,1987-09-25,Штукатур,місто Коростень,"вулиця Проїзний 3-й, буд. 6 кв. 38, Приморськ, 13753",302 19 91,aaron38@example.com
Приймак,Пріска,Василівна,Жіноча,1953-10-21,Науковець,село Щастя,"узвіз 13-та ст. Великого Фонтану пляж, буд. 106, Новодністровськ, 60601",+380 86 917-31-69,vlokhmarko@example.org
Дейнеко,Богуслава,Миколаївна,Жіноча,1996-07-14,Скульптор,селище Ямпіль,"шосе Картамишевська, буд. 0 кв. 3, Вижниця, 51241",067 478-56-13,eduardriabchenko@example.com
Аронець,Валентин,Володимирович,Чоловіча,1956-05-07,Архітектор,хутір Дергачі,"сквер Авіаційна, буд. 102, Моспине, 34958",+380 65 771-59-51,charnyshrozaliia@example.net
Василашко,Мирон,Романович,Чоловіча,1967-09-13,Юрист,село Луганськ,"узвіз Персикова, буд. 0, Зоринськ, 07248",099-98-04,atroshchenkozlatoslava@example.org
Мазур,Яків,Олександрович,Чоловіча,1995-03-17,Перекладач,хутір Мерефа,"узвіз Куликовський 2-й, буд. 0, Луцьк, 14887",032 101 67 64,nzhurba@example.net
Яремко,Богуслава,Андріївна,Жіноча,1990-09-17,Ботанік,село Дубно,"набережна Ковиловий, буд. 194, Миргород, 33402",828 18 86,danyliuknestor@example.com
Сич,Тимофій,Іванович,Чоловіча,1983-03-04,Бібліограф,хутір Бурштин,"набережна Молокова, буд. 6 кв. 943, Рава-Руська, 76465",+380 44 525 27 95,huzrostyslav@example.org
Гаврилець,Галина,Вікторівна,Жіноча,2009-01-08,Музикознавець,хутір Попасна,"парк Бреуса Якова, буд. 4, Привілля, 78920",+380 80 074-48-84,gbabarychenko@example.org
Юхименко,Єлисей,Степанович,Чоловіча,1971-11-04,Публіцист,селище Новоград-Волинський,"шосе Польова, буд. 276 кв. 64, Снігурівка, 78441",+380 51 740-43-90,ppavlychenko@example.com
Супруненко,Михайло,Васильович,Чоловіча,1989-07-06,Етнограф,селище Кривий Ріг,"вулиця Новопланівська, буд. 63 кв. 49, Полонне, 96356",669 16 97,ebaran@example.net
Ґерус,Одарка,Анатоліївна,Жіноча,1973-01-09,Клоун,місто Броди,"сквер Дружний, буд. 76 кв. 211, Тернівка, 30100",034 573-94-39,ymazur@example.net
Бараник,Вікторія,Андріївна,Жіноча,1970-03-02,Скульптор,село Болград,"вулиця Мацієвської узвіз, буд. 097 кв. 301, Дергачі, 88446",383 25 87,protsenkomaryna@example.com
Яковенко,Алла,Іванівна,Жіноча,1996-05-26,Юрист,місто Гнівань,"узвіз Східний, буд. 4 кв. 277, Біла Церква, 76305",643 43 55,iosypshvachko@example.net
Слюсар,Одарка,Богданівна,Жіноча,1951-12-16,Лікар,місто Щастя,"парк Лютнева, буд. 26 кв. 447, Семенівка, 52172",541-98-96,liza55@example.net
Тихий,Варфоломій,Петрович,Чоловіча,1983-08-01,Диригент,село Славута,"узвіз Амбулаторний 2-й, буд. 51 кв. 2, Ворожба, 84942",+380 (62) 430-49-68,liubovbabychenko@example.net
Лубенець,Розалія,Романівна,Жіноча,2000-05-11,Режисер,місто Старий Крим,"шосе Херсонський сквер, буд. 392, Новогродівка, 95511",+380 63 023-10-61,tsavenko@example.net
Рябець,Лариса,Сергіївна,Жіноча,2001-09-13,Мінералог,село Добропілля,"вулиця Аптекарський, буд. 47 кв. 706, Кобеляки, 11893",+380 54 050 63 64,petro99@example.org
Ісаєнко,Руслан,Григорович,Чоловіча,2002-11-01,Фізик,селище Соснівка,"шосе Чорноморський, буд. 90 кв. 158, Херсон, 84516",+380 42 209-31-51,vasylynagerega@example.org
Гавриленко,Пармен,Степанович,Чоловіча,1976-05-08,Провізор,місто Іловайськ,"парк Івахненка Петра, буд. 95 кв. 6, Вінниця, 44060",+380 35 980-05-17,dhavrylyshyn@example.com
Даньків,Гаврило,Дмитрович,Чоловіча,1992-06-08,Перекладач,селище Нововолинськ,"проспект Єфімова, буд. 5 кв. 243, Нікополь, 09722",+380 (54) 910-90-91,fderhach@example.org
Бандурка,Данна,Олегівна,Жіноча,1989-03-09,Режисер,селище Добромиль,"вулиця Середньофонтанський, буд. 037, Кам'янка (Черкаська область), 97307",191 09 58,spas21@example.net
Рябовіл,Назар,Богданович,Чоловіча,2003-01-09,Скульптор,хутір Благовіщенське,"шосе 12-та Лінія 6-й ст. Люстдорфської дороги, буд. 6, Святогірськ, 37054",428 52 31,kamilla69@example.org
Дахно,Гордій,Васильович,Чоловіча,1946-02-10,Складальник,хутір Маріуполь,"набережна Пісочний, буд. 15 кв. 4, Дружківка, 44534",+380 59 029-34-44,rzubko@example.net
Ґоляш,Амалія,Михайлівна,Жіноча,2008-04-24,Бізнесмен,місто Умань,"узвіз Будівельна, буд. 038 кв. 2, Гірник, 83239",671-17-32,tkhrystenko@example.com
Величко,Леонід,Володимирович,Чоловіча,1987-03-10,Золотар,хутір Острог,"шосе Уральський, буд. 211, Ромни, 27877",009 924-16-14,boryslavbalaban@example.com
Баранник,Мирослав,Григорович,Чоловіча,1970-02-15,Ювелір,місто Ворожба,"узвіз Цементний, буд. 3 кв. 172, Нова Одеса, 77531",024 440 27 93,aleksiichukdanna@example.com
Яремків,Ліза,Олегівна,Жіноча,1964-11-16,Будник,хутір Решетилівка,"шосе Сєрогодського, буд. 897, Чуднів, 61140",701-04-40,dmytro78@example.com
Канівець,Людмила,Миколаївна,Жіноча,1987-05-15,Стропальник,селище Новоукраїнка,"шосе Миколи Плигуна, буд. 2, Татарбунари, 55222",+380 93 385-22-77,viktoriiafranko@example.org
Євдокименко,Лариса,Андріївна,Жіноча,1980-06-07,Піаніст,село Яготин,"проспект Флотський 3-й, буд. 36, Одеса, 28000",+380 74 668-17-07,pavlo72@example.org
Христич,Камілла,Вікторівна,Жіноча,1963-01-13,Зоолог,село Монастириська,"проспект 4-та Лінія Марії Демченко, буд. 024 кв. 05, Новий Калинів, 03600",011 027-71-85,panteleimonieroshenko@example.com
Гавришкевич,Оксенія,Богданівна,Жіноча,1962-04-29,Євнух,хутір Білопілля,"шосе Локомотивний 1-й, буд. 52 кв. 15, Мар'їнка, 66400",023 016-68-21,illiakozak@example.com
Бандурка,Галина,Андріївна,Жіноча,1989-06-28,Скульптор,хутір Курахове,"провулок Восьмого березня, буд. 040 кв. 57, Лохвиця, 96962",632-60-71,artem38@example.net
Данькевич,Варфоломій,Сергійович,Чоловіча,2005-08-22,Стиліст,селище Болград,"провулок Болгарська, буд. 645, Шпола, 40209",+380 62 591 30 66,rebrykdaryna@example.com
Міщенко,Вікторія,Михайлівна,Жіноча,1956-09-24,Няня,хутір Апостолове,"парк Прибережний, буд. 44, Ківерці, 07402",087-74-92,zorian57@example.org
Балабан,Леопольд,Богданович,Чоловіча,1946-01-24,Краєзнавець,село Дубно,"провулок Ключовий 1-й, буд. 66 кв. 789, Лозова, 51618",+380 (89) 423-95-48,echekaliuk@example.net
Арсенич,Оксана,Богданівна,Жіноча,1966-08-13,Кінокритик,селище Богодухів,"вулиця Софіївська, буд. 8, Берестин, 38849",036 84 45,dverkhola@example.net
Аврамчук,Валентина,Михайлівна,Жіноча,1948-03-04,Головний меркшейдер,хутір Хотин,"провулок Восьмого березня 6-й, буд. 4 кв. 345, Макіївка, 89945",087 883 06 27,nalyvaikopanas@example.com
Шамрай,Захар,Юрійович,Чоловіча,2000-02-28,Електромонтер,селище Нове Давидково,"узвіз Стрийський, буд. 833, Старобільськ, 99285",047 874-37-89,ihorsheremeta@example.net
Христенко,Віталій,Васильович,Чоловіча,1954-12-23,Провізор,хутір Умань,"проспект Весняна, буд. 12, Славута, 08623",+380 13 325 29 47,tshvedchenko@example.org
Самойленко,Онисим,Григорович,Чоловіча,2007-10-27,Піаніст,село Ніжин,"площа Гвоздичний, буд. 918 кв. 820, Запоріжжя, 87846",+380 13 132-54-39,vitaliihaidabura@example.net
Нестайко,Роксолана,Іванівна,Жіноча,2008-12-16,Гицель,село Севастополь,"сквер Щоголєва, буд. 9, Кремінна, 73353",+380 62 554-96-15,klemeshko@example.com
Данько,Святослава,Миколаївна,Жіноча,1970-05-18,Фольклорист,село Баштанка,"узвіз Ізюмська, буд. 2, Малин, 44712",009 828-96-81,iarynaartymyshyn@example.org
Овчаренко,Климент,Григорович,Чоловіча,2011-11-05,Адвокат,селище Черкаси,"провулок Наливна, буд. 1, Конотоп, 94895",+380 46 659-04-96,verkholahavrylo@example.org
Деревʼянко,Прохір,Максимович,Чоловіча,2010-07-03,Петрограф,селище Кременець,"провулок Казковий, буд. 2, Новгород-Сіверський, 35901",+380 (56) 815-22-01,andrii61@example.com
Вишиваний,Семен,Іванович,Чоловіча,2007-07-09,Намотувальник,селище Кодима,"сквер Костанді 3-й, буд. 99 кв. 112, Мостиська, 06093",+380 87 320-05-42,qderehus@example.com
Гайворонська,Одарка,Василівна,Жіноча,1948-11-01,Дерун,селище Білицьке,"площа Крутоярська, буд. 11 кв. 746, Іллінці, 09206",+380 18 943-18-72,atkach@example.org
Гуцуляк,Зиновій,Сергійович,Чоловіча,2003-02-07,Музикант,селище Вуглегірськ,"узвіз Батуринська, буд. 2, Новоград-Волинський, 49136",+380 59 652-61-22,knikoliuk@example.org
Москаль,Ярема,Миколайович,Чоловіча,1951-02-27,Правник,місто Миронівка,"провулок Сільськогосподарський, буд. 86 кв. 017, Ковель, 13294",+380 32 275-98-45,tsiutsiuraopanas@example.org
Франко,Марина,Олександрівна,Жіноча,1972-03-17,Єгер,село Олешки,"провулок Запорізька, буд. 660, Новоград-Волинський, 31700",+380 78 473 56 50,ievhen82@example.net
Скиба,Галина,Володимирівна,Жіноча,1999-06-07,Ді-джей,село Південне,"сквер Льва Симиренка, буд. 621, Покровськ, 47227",911 21 11,ygerus@example.com
Фартушняк,Орест,Миколайович,Чоловіча,1972-06-07,Кіноактор,село Кодима,"провулок Скидановський узвіз, буд. 6 кв. 63, Теребовля, 59769",+380 97 095-09-67,panchukliudmyla@example.com
Верменич,Еріка,Дмитрівна,Жіноча,1971-02-12,Петрограф,селище Ізяслав,"парк Інглезі, буд. 760 кв. 4, Перечин, 64965",+380 (97) 321-45-75,atamaniukazar@example.net
Данчук,Мирослав,Богданович,Чоловіча,1965-05-20,Різноробочий,місто Косів,"сквер Квіткова, буд. 51, Старий Крим, 79004",+380 07 438 59 59,utychyna@example.net
Дерегус,Христина,Богданівна,Жіноча,1987-04-01,Мінералог,хутір Середина-Буда,"узвіз Кінбурнський, буд. 851 кв. 97, Сокологірськ, 57501",+380 (20) 393-16-10,tetianacherednyk@example.com
Яковенко,Левко,Іванович,Чоловіча,1963-02-08,Локсмайстер,місто Рубіжне,"сквер Весела, буд. 776 кв. 36, Дубно, 50359",730 21 31,petrodeisun@example.com
Кащенко,Гордій,Миколайович,Чоловіча,1991-04-20,Епідеміолог,хутір Лутугине,"набережна Лиманчик 2-й Лінія 5-та, буд. 437, Луганськ, 07932",069 933-15-63,avhustynnesterenko@example.com
Жайворон,Охрім,Михайлович,Чоловіча,1988-04-05,Історик,селище Рожище,"вулиця 13-та Лінія 6-й ст. Люстдорфської дороги, буд. 4 кв. 8, Зимогір'я, 73898",718-71-06,drozdnadiia@example.org
Рудик,Тетяна,Романівна,Жіноча,2011-05-04,Астроном,місто Хорол,"шосе Тепла, буд. 24, Севастополь, 87690",036 145 49 32,bierchenko@example.net
Рудько,Левко,Михайлович,Чоловіча,2005-01-19,Клавішник,хутір Родинське,"узвіз Лінія 40-ва, буд. 173, Шаргород, 86541",+380 (54) 259-74-91,vadym90@example.com
Бабій,Сергій,Андрійович,Чоловіча,1972-01-25,Редактор,місто Сміла,"узвіз Глухівський, буд. 7, Новий Розділ, 06773",735 01 46,vitalii41@example.com
Доценко,Степан,Михайлович,Чоловіча,1993-04-05,Дизайнер,місто Монастирище,"парк Латвійський узвіз, буд. 5, Кадіївка, 85242",014 122-37-95,sirkovasyl@example.net
Скиба,Розалія,Тарасівна,Жіноча,2005-02-09,Електромонтажник,селище Інкерман,"узвіз Середня, буд. 6, Кагарлик, 95704",068 338 06 25,hennadii48@example.org
Ісаєвич,Зиновій,Олександрович,Чоловіча,1968-03-16,Психолог,селище Миргород,"провулок Ушинського, буд. 5 кв. 44, Глухів, 37067",880-15-70,snizhanalemeshko@example.org
Карпенко,Людмила,Олегівна,Жіноча,2010-06-07,Акушер,селище Алчевськ,"набережна Хімічний 1-й, буд. 39, Яремче, 58119",072 874 23 71,paliiliubov@example.com
Гаврилишин,Герман,Романович,Чоловіча,1981-11-19,Науковець,село Тисмениця,"вулиця Данила Самойловича, буд. 889, Середина-Буда, 75853",623-50-22,anton42@example.net
Редько,Устим,Володимирович,Чоловіча,2009-08-14,Кушнір,місто Гайсин,"вулиця Кар’єрна, буд. 7 кв. 09, Ічня, 13320",+380 04 457-47-65,uiatseniuk@example.net
Чекалюк,Розалія,Степанівна,Жіноча,1987-03-18,Актор,хутір Миргород,"шосе Флотський 2-й, буд. 252 кв. 14, Сокиряни, 74811",+380 07 078-29-49,leopold95@example.com
Гунько,Ада,Андріївна,Жіноча,1993-05-12,Археолог,місто Гола Пристань,"проспект Штильова, буд. 68, Старий Крим, 13230",822 13 21,anastasiia89@example.net
Самойленко,Ярослав,Степанович,Чоловіча,1992-05-01,Ботанік,селище Бахмут,"набережна Ялинкова, буд. 98 кв. 45, Луганськ, 87079",+380 (46) 005-15-64,iukhymartym@example.net
Фесенко,Теодор,Олегович,Чоловіча,1983-04-13,Мінералог,село Новодружеськ,"сквер Шевченка, буд. 982 кв. 90, Стрий, 67376",888-74-22,banderabohodar@example.net
Зінкевич,Марʼяна,Григорівна,Жіноча,1993-06-11,Гінеколог,місто Приморськ,"шосе Рівний, буд. 9, Куп'янськ, 22788",050 158-31-02,niaremko@example.com
Адамчук,Макар,Сергійович,Чоловіча,1992-04-19,Сантехнік,селище Пирятин,"вулиця Севастопольський, буд. 100 кв. 9, Мерефа, 87501",086 323-12-37,pylypbabarychenko@example.com
Оробець,Вадим,Андрійович,Чоловіча,2011-06-15,Музикант,місто Горішні Плавні,"провулок Спортивний, буд. 18, Перещепине, 41592",743 70 26,fpetryk@example.org
Ярема,Охрім,Тарасович,Чоловіча,1973-10-07,Флорист,селище Лохвиця,"проспект Кільцева, буд. 620, Монастириська, 09744",+380 06 770-60-50,venhrynovychroksolana@example.org
Алексюк,Левко,Дмитрович,Чоловіча,1975-04-07,Бізнесмен,хутір Ладижин,"провулок Дворникова, буд. 6, Привілля, 40078",075 348 87 59,iustym98@example.org
Заїка,Орхип,Сергійович,Чоловіча,1961-06-11,Кінорежисер,хутір Ходорів,"сквер Пересипський міст, буд. 047 кв. 1, Бунге, 54964",+380 77 870 34 07,marynahodunok@example.org
Байда,Ірена,Анатоліївна,Жіноча,1955-03-12,Дизайнер,хутір Хирів,"провулок Мала Арнаутська, буд. 3, Енергодар, 07541",+380 25 946 72 18,vtaran@example.org
Юрченко,Максим,Миколайович,Чоловіча,1987-03-30,Співак,селище Вознесенівка,"проспект Хлібна гавань, буд. 246 кв. 303, Сіверськодонецьк, 82003",+380 65 738-84-45,dtytarenko@example.net
Слюсар,Владислав,Іванович,Чоловіча,1972-09-30,Психолог,село Помічна,"вулиця Вчительська, буд. 95 кв. 5, Малин, 10705",+380 60 686-59-08,erika84@example.org
Твердохліб,Амалія,Вікторівна,Жіноча,1988-01-29,Круп'є,село Долина,"провулок Професора Коровицького, буд. 13, Березань, 78401",+380 28 559-42-96,myron67@example.org
Стус,Андрій,Степанович,Чоловіча,2011-09-27,Нотаріус,селище Городок,"вулиця Андрія Сови, буд. 1, Мерефа, 12303",342 32 44,demydshcherban@example.org
Смик,Марина,Андріївна,Жіноча,1959-06-29,Педагог,селище Лутугине,"провулок Заводська 5-та, буд. 368 кв. 835, Вінниця, 60974",+380 18 682 86 42,spas36@example.org
Безбородько,Ігнат,Степанович,Чоловіча,1996-03-29,Складальник,хутір Молочанськ,"сквер Локальна, буд. 3, Баштанка, 33986",+380 97 962-13-98,priskazakharchenko@example.org
Баран,Аніта,Максимівна,Жіноча,1990-10-13,Бухгалтер,хутір Кам'янка (Черкаська область),"парк Ференца Ліста, буд. 74, Костопіль, 61667",+380 (58) 279-57-75,nlupii@example.org
Притула,Нестор,Михайлович,Чоловіча,1972-07-12,Геофізик,місто Нове Давидково,"сквер Березовий, буд. 39 кв. 666, Полонне, 38206",+380 07 214-03-78,klavdiia42@example.org
Власенко,Омелян,Васильович,Чоловіча,1956-01-25,Бізнесмен,місто Вільнянськ,"вулиця Савицький, буд. 212 кв. 8, Боково-Хрустальне, 93205",601 77 30,nazar96@example.org
Жученко,Тарас,Романович,Чоловіча,2005-07-19,Музикант,селище Бережани,"проспект Незалежності, буд. 9 кв. 58, Борщів, 48268",+380 99 110-73-78,bvernydub@example.net
Яковенко,Демид,Олександрович,Чоловіча,1950-08-29,Льотчик,село Коломия,"сквер Книжковий, буд. 41 кв. 3, Новомиргород, 34540",+380 61 270 76 20,opanas85@example.net
Яремко,Єва,Юріївна,Жіноча,1958-07-31,Клоун,місто Красноперекопськ,"парк Йозефа Прибіка, буд. 64 кв. 487, Яворів, 42654",+380 (29) 903-87-32,bfastenko@example.org
Дейсун,Соломон,Миколайович,Чоловіча,1994-01-15,Науковець,хутір Малин,"вулиця Тиха, буд. 33, Коростишів, 70307",033 490 70 62,stanislavhavryliv@example.com
Рябовіл,Борис,Васильович,Чоловіча,1952-05-29,Електротехнік,селище Торецьк,"набережна Героїв оборони Одеси, буд. 19 кв. 5, Трускавець, 20863",+380 98 143 72 93,cbandurka@example.org
Вівчаренко,Дан,Богданович,Чоловіча,1963-11-14,Співак,село Шептицький,"провулок Західний 3-й, буд. 09 кв. 9, Іллінці, 80868",089 068-04-56,maryna18@example.net
Артюх,Альберт,Олегович,Чоловіча,1970-11-29,Живописець,місто Славута,"вулиця Ярмарковий, буд. 773, Луцьк, 12106",038 812 30 32,zmishchenko@example.org
Захаренко,Михайлина,Григорівна,Жіноча,1994-12-23,Педагог,хутір Ізюм,"узвіз Сергія Єфремова, буд. 338, Монастирище, 61844",+380 24 212-89-68,bohodar32@example.com
Гоголь,Мартин,Михайлович,Чоловіча,1972-08-05,Гицель,село Хрустальний,"сквер Лінія 22-га, буд. 020 кв. 31, Вуглегірськ, 79299",+380 99 130-72-59,ldemianenko@example.org
Притула,Левко,Юрійович,Чоловіча,1953-04-18,Перекладач,хутір Благовіщенське,"узвіз Залізничний 3-й, буд. 794 кв. 197, Сколе, 65178",036 502-56-50,bohuslav57@example.com
Кириленко,Світлана,Андріївна,Жіноча,1979-06-16,Піаніст,селище Сватове,"площа Пересипська 3-тя, буд. 8, Вовчанськ, 54241",+380 73 726 43 89,leon72@example.net
Василашко,Левко,Вікторович,Чоловіча,2004-10-13,Графік,місто Лебедин,"провулок Андрія Гулого-Гуленка, буд. 4 кв. 3, Коломия, 16963",+380 72 882-13-37,chumachenkomykhailo@example.net
Царенко,Одарка,Романівна,Жіноча,2004-12-22,Кур'єр,село Берегове,"проспект Лінія 44-та, буд. 9 кв. 84, Сміла, 12637",354 86 75,gshutko@example.net
Товстуха,Захар,Володимирович,Чоловіча,2011-08-31,Громадський діяч,село Хотин,"шосе Прилуцький, буд. 24, Яготин, 88552",+380 50 852 08 77,romanchukiustym@example.org
Засядько,Лариса,Андріївна,Жіноча,1965-12-07,Гірник,село Козятин,"проспект Олександра Юрженка, буд. 081 кв. 33, Ковель, 44650",092 220-39-59,qartymyshyn@example.net
Єсипенко,Федір,Вікторович,Чоловіча,1987-03-19,Економіст,місто Хуст,"набережна Шкільний аеродром, буд. 37 кв. 60, Судак, 47951",322-28-50,geretaviacheslav@example.net
Засенко,Ілля,Олегович,Чоловіча,1947-10-13,Кінокритик,селище Ананьїв,"вулиця Стамбульський, буд. 10, Вишневе, 75676",+380 04 325 09 11,kolesnychenkomyroslav@example.net
Арсенич,Адам,Дмитрович,Чоловіча,1947-05-06,Секретар,селище Олександрівськ,"шосе Миколи Кравченка, буд. 98, Білозерське, 53230",079 819 01 79,okseniiaisaienko@example.net
Ісаєнко,Веніямин,Олександрович,Чоловіча,1995-01-02,Ґрунтознавець,селище Алупка,"шосе Фестивальний, буд. 223 кв. 0, Монастириська, 98410",942 30 01,fvysochan@example.com
Асаула,Лесь,Дмитрович,Чоловіча,1964-02-27,Сценарист,хутір Золотоноша,"узвіз Деволанівська, буд. 4, Бердичів, 94318",+380 45 695 12 95,larysa92@example.com
Заїка,Нестор,Степанович,Чоловіча,1967-11-24,Графік,село Славутич,"вулиця Луганська, буд. 972, Ізюм, 63557",062 976-91-91,myronhaievska@example.org
Яценко,Олена,Олександрівна,Жіноча,2009-08-19,Ріелтор,хутір Деражня,"провулок Кільцева, буд. 6 кв. 00, Сторожинець, 98054",018-76-30,ustymbaturynets@example.org
Арсенич,Святослава,Миколаївна,Жіноча,1997-08-01,Візажист,село Дергачі,"вулиця 2-га Лінія 6-й ст. Люстдорфської дороги, буд. 836, Сніжне, 17195",004 523-97-42,rubetsoleksa@example.org
Редько,Венедикт,Степанович,Чоловіча,1966-03-26,Пекар,село Вознесенівка,"вулиця Заньковецької, буд. 23, Чорноморськ, 64852",012 22 30,chernenkolukian@example.org
Давимука,Алла,Володимирівна,Жіноча,1980-06-03,Акушер,селище Решетилівка,"шосе Проточний, буд. 643, Марганець, 11598",683-12-45,khudobiakfrants@example.org
Аронець,Роксолана,Григорівна,Жіноча,1996-10-21,Філолог,хутір Краматорськ,"парк Кортацці, буд. 882, Шептицький, 93820",+380 16 853-22-46,okseniia83@example.org
Зайченко,Ярина,Петрівна,Жіноча,1954-11-30,Клавішник,село Ізмаїл,"шосе Лазурського, буд. 54 кв. 38, Лисичанськ, 68802",+380 78 084-31-08,ihnatieresko@example.com
Лавренко,Ада,Андріївна,Жіноча,1952-03-01,Дантист,місто Тернопіль,"сквер 11-та ст. Великого Фонтану пляж, буд. 51, Пирятин, 32738",033 695-66-24,jsvyrydenko@example.net
Вдовиченко,Аркадій,Петрович,Чоловіча,1946-11-16,Кінорежисер,хутір Алмазна,"провулок Юзефа Крашевського, буд. 063 кв. 4, Путивль, 06718",616-72-95,velychkoorkhyp@example.com
Андрійчук,Адам,Андрійович,Чоловіча,1963-03-03,Гицель,селище Очаків,"сквер Симфонічна, буд. 6, Вилкове, 41708",011-39-70,sheremetaleontii@example.net
Павлик,Охрім,Тарасович,Чоловіча,1998-02-10,Мірошник,село Перевальськ,"набережна Хутірський, буд. 446 кв. 4, Саки, 75880",+380 58 256 53 85,ttsisyk@example.org
Килимник,Григорій,Андрійович,Чоловіча,2011-07-19,Продюсер,село Новодружеськ,"провулок Берегова, буд. 83 кв. 90, Святогірськ, 32747",021 318-90-87,arsen82@example.org
Проценко,Амалія,Миколаївна,Жіноча,1998-07-20,Кінорежисер,село Стрий,"проспект Рельєфна, буд. 52, Жашків, 82014",075 131-39-63,deisunhanna@example.org
Швайка,Оксана,Петрівна,Жіноча,1959-12-14,Художник,місто Дніпрорудне,"шосе Дорбуду, буд. 727, Святогірськ, 59621",018-23-16,tsymbalirena@example.com
Лукаш,Артем,Вікторович,Чоловіча,1962-10-20,Пілот,місто Чортків,"узвіз Мелітопольська, буд. 845, Хрестівка, 06474",+380 (27) 925-82-94,anton69@example.com
Оберемко,Євген,Степанович,Чоловіча,1988-10-07,Біолог,місто Слов'янськ,"набережна Литавровий, буд. 3 кв. 42, Карлівка, 63353",+380 (21) 029-85-56,viranosenko@example.net
Давиденко,Максим,Романович,Чоловіча,1977-11-19,Кіноактор,хутір Шпола,"парк Березовий, буд. 1, Лозова, 48990",949-11-86,erikasymonenko@example.net
Хоменко,Ірена,Григорівна,Жіноча,1971-10-03,Сценарист,місто Перевальськ,"набережна Давида Ойстраха, буд. 6 кв. 556, Чернігів, 97845",761 43 51,liemets@example.com
